,time,point,label,pid,bib,name,timeOfDay,epochTime,sex,isStart,country,country_iso,team,division,timestamp,milePace,milePaceAvg,mph,kmPace,kmPaceAvg,kmh,pace,paceAvg,legTime,splitTime,netTime,waveTime,isFinish,splitTimeSeconds,legTimeSeconds,netTimeSeconds,waveTimeSeconds,divisionType,legDivPos,legSexPos,legOvrPos,finDivPos,finSexPos,finOvrPos,pointNum,maxPointNum,maxPointNetTimeSeconds,rank,isDNF
0,00:00:00.00,START,Start,RBFNZT42,1035,James Van Ramoga,6:10:03 am,1740867002.512,M,1,PHI,ph,GO FOR GOLD,M20-24,1740895802.512,,,,,,,,,,,,,,0.0,0.0,0.0,0.0,AG,,,,,,,1,11,4656.188,1.0,False
1,00:16:44.375,SWIM,Swim Finish,RBFNZT42,1035,James Van Ramoga,6:26:47 am,1740868006.887,M,,PHI,ph,GO FOR GOLD,M20-24,1740896806.887,35:56,35:56,1.67,22:20,22:20,2.69,02:14 min/100m,02:14 min/100m,00:16:44.375,00:16:44.375,00:16:44.375,00:16:46.344,,1004.375,1004.375,1004.375,1006.344,AG,2.0,7.0,8.0,,,,2,11,4656.188,1.0,False
2,00:19:01.436,T1,Bike Start,RBFNZT42,1035,James Van Ramoga,6:29:04 am,1740868143.948,M,,PHI,ph,GO FOR GOLD,M20-24,1740896943.948,35:56,35:56,1.67,22:20,22:20,2.69,22:20 min/km,22:20 min/km,00:02:17.061,00:02:17.061,00:19:01.436,00:19:03.405,,137.061,137.061,1141.436,1143.405,AG,1.0,3.0,3.0,,,,3,11,4656.188,1.0,False
3,00:36:45.488,BIKE2,Bike 11 km,RBFNZT42,1035,James Van Ramoga,6:46:48 am,1740869208.00,M,,PHI,ph,GO FOR GOLD,M20-24,1740898008.00,02:35,02:35,23.27,01:37,01:37,37.45,37.45 km/hr,37.45 km/hr,00:17:44.052,00:17:44.052,00:36:45.488,00:36:47.457,,1064.052,1064.052,2205.488,2207.457,AG,,,,,,,5,11,4656.188,1.0,False
4,00:52:19.471,BIKE,Bike Finish,RBFNZT42,1035,James Van Ramoga,7:02:22 am,1740870141.983,M,,PHI,ph,GO FOR GOLD,M20-24,1740898941.983,02:45,02:40,21.85,01:43,01:39,35.16,35.16 km/hr,36.38 km/hr,00:33:18.035,00:15:33.983,00:52:19.471,00:52:21.44,,933.983,1998.035,3139.471,3141.44,AG,1.0,1.0,1.0,,,,6,11,4656.188,1.0,False
5,00:54:53.678,T2,Run Start,RBFNZT42,1035,James Van Ramoga,7:04:57 am,1740870296.19,M,,PHI,ph,GO FOR GOLD,M20-24,1740899096.19,03:58,03:58,15.19,02:28,02:28,24.44,02:28 min/km,02:28 min/km,00:02:34.207,00:02:34.207,00:54:53.678,00:54:55.647,,154.207,154.207,3293.678,3295.647,AG,2.0,5.0,6.0,,,,7,11,4656.188,1.0,False
6,00:57:00.488,RUN1,Run 0.4 km,RBFNZT42,1035,James Van Ramoga,7:07:03 am,1740870423.00,M,,PHI,ph,GO FOR GOLD,M20-24,1740899223.00,07:34,07:34,7.94,04:42,04:42,12.77,04:42 min/km,04:42 min/km,00:02:06.81,00:02:06.81,00:57:00.488,00:57:02.457,,126.81,126.81,3420.488,3422.457,AG,,,,,,,8,11,4656.188,1.0,False
7,01:06:17.488,RUN2,Run 2.3 km,RBFNZT42,1035,James Van Ramoga,7:16:20 am,1740870980.00,M,,PHI,ph,GO FOR GOLD,M20-24,1740899780.00,07:45,07:43,7.74,04:49,04:48,12.46,04:49 min/km,04:48 min/km,00:11:23.81,00:09:17.00,01:06:17.488,01:06:19.457,,557.0,683.81,3977.488,3979.457,AG,,,,,,,9,11,4656.188,1.0,False
8,01:15:20.488,RUN3,Run 4.3 km,RBFNZT42,1035,James Van Ramoga,7:25:23 am,1740871523.00,M,,PHI,ph,GO FOR GOLD,M20-24,1740900323.00,07:34,07:39,7.94,04:42,04:45,12.77,04:42 min/km,04:45 min/km,00:20:26.81,00:09:03.00,01:15:20.488,01:15:22.457,,543.0,1226.81,4520.488,4522.457,AG,,,,,,,10,11,4656.188,1.0,False
9,01:17:36.188,FINISH,Finish,RBFNZT42,1035,James Van Ramoga,7:27:39 am,1740871658.70,M,,PHI,ph,GO FOR GOLD,M20-24,1740900458.70,06:19,07:30,9.50,03:56,04:40,15.29,03:56 min/km,04:40 min/km,00:22:42.51,00:02:15.70,01:17:36.188,01:17:38.157,1,135.7,1362.51,4656.188,4658.157,AG,1.0,3.0,3.0,1.0,1.0,1.0,11,11,4656.188,1.0,False
10,00:00:00.00,START,Start,RBRZ6YHF,1031,John Paul Daquioag,6:10:09 am,1740867008.864,M,1,PHI,ph,Isabela Tri Club,M25-29,1740895808.864,,,,,,,,,,,,,,0.0,0.0,0.0,0.0,AG,,,,,,,1,11,4665.633,2.0,False
11,00:16:26.621,SWIM,Swim Finish,RBRZ6YHF,1031,John Paul Daquioag,6:26:36 am,1740867995.485,M,,PHI,ph,Isabela Tri Club,M25-29,1740896795.485,35:18,35:18,1.70,21:56,21:56,2.74,02:12 min/100m,02:12 min/100m,00:16:26.621,00:16:26.621,00:16:26.621,00:16:34.942,,986.621,986.621,986.621,994.942,AG,2.0,3.0,4.0,,,,2,11,4665.633,2.0,False
12,00:18:38.955,T1,Bike Start,RBRZ6YHF,1031,John Paul Daquioag,6:28:48 am,1740868127.819,M,,PHI,ph,Isabela Tri Club,M25-29,1740896927.819,35:18,35:18,1.70,21:56,21:56,2.74,21:56 min/km,21:56 min/km,00:02:12.334,00:02:12.334,00:18:38.955,00:18:47.276,,132.334,132.334,1118.955,1127.276,AG,1.0,2.0,2.0,,,,3,11,4665.633,2.0,False
13,00:38:13.136,BIKE2,Bike 11 km,RBRZ6YHF,1031,John Paul Daquioag,6:48:22 am,1740869302.00,M,,PHI,ph,Isabela Tri Club,M25-29,1740898102.00,02:51,02:51,21.09,01:47,01:47,33.94,33.94 km/hr,33.94 km/hr,00:19:34.181,00:19:34.181,00:38:13.136,00:38:21.457,,1174.181,1174.181,2293.136,2301.457,AG,,,,,,,5,11,4665.633,2.0,False
14,00:55:16.104,BIKE,Bike Finish,RBRZ6YHF,1031,John Paul Daquioag,7:05:25 am,1740870324.968,M,,PHI,ph,Isabela Tri Club,M25-29,1740899124.968,03:01,02:56,19.95,01:53,01:49,32.10,32.10 km/hr,33.08 km/hr,00:36:37.149,00:17:02.968,00:55:16.104,00:55:24.425,,1022.968,2197.149,3316.104,3324.425,AG,1.0,4.0,4.0,,,,6,11,4665.633,2.0,False
15,00:57:39.44,T2,Run Start,RBRZ6YHF,1031,John Paul Daquioag,7:07:49 am,1740870468.304,M,,PHI,ph,Isabela Tri Club,M25-29,1740899268.304,04:11,04:11,14.38,02:36,02:36,23.14,02:36 min/km,02:36 min/km,00:02:23.336,00:02:23.336,00:57:39.44,00:57:47.761,,143.336,143.336,3459.44,3467.761,AG,1.0,3.0,3.0,,,,7,11,4665.633,2.0,False
16,00:59:34.136,RUN1,Run 0.4 km,RBRZ6YHF,1031,John Paul Daquioag,7:09:43 am,1740870583.00,M,,PHI,ph,Isabela Tri Club,M25-29,1740899383.00,06:51,06:51,8.78,04:15,04:15,14.12,04:15 min/km,04:15 min/km,00:01:54.696,00:01:54.696,00:59:34.136,00:59:42.457,,114.696,114.696,3574.136,3582.457,AG,,,,,,,8,11,4665.633,2.0,False
17,01:07:32.136,RUN2,Run 2.3 km,RBRZ6YHF,1031,John Paul Daquioag,7:17:41 am,1740871061.00,M,,PHI,ph,Isabela Tri Club,M25-29,1740899861.00,06:39,06:42,9.02,04:08,04:10,14.52,04:08 min/km,04:10 min/km,00:09:52.696,00:07:58.00,01:07:32.136,01:07:40.457,,478.0,592.696,4052.136,4060.457,AG,,,,,,,9,11,4665.633,2.0,False
18,01:15:54.136,RUN3,Run 4.3 km,RBRZ6YHF,1031,John Paul Daquioag,7:26:03 am,1740871563.00,M,,PHI,ph,Isabela Tri Club,M25-29,1740900363.00,07:00,06:50,8.58,04:21,04:15,13.82,04:21 min/km,04:15 min/km,00:18:14.696,00:08:22.00,01:15:54.136,01:16:02.457,,502.0,1094.696,4554.136,4562.457,AG,,,,,,,10,11,4665.633,2.0,False
19,01:17:45.633,FINISH,Finish,RBRZ6YHF,1031,John Paul Daquioag,7:27:55 am,1740871674.497,M,,PHI,ph,Isabela Tri Club,M25-29,1740900474.497,05:12,06:38,11.56,03:14,04:08,18.61,03:14 min/km,04:08 min/km,00:20:06.193,00:01:51.497,01:17:45.633,01:17:53.954,1,111.497,1206.193,4665.633,4673.954,AG,1.0,1.0,1.0,1.0,2.0,2.0,11,11,4665.633,2.0,False
20,00:00:00.00,START,Start,RHC9RLWB,1009,Mejares Naune Elison,6:10:02 am,1740867001.927,M,1,PHI,ph,ANL TRI TEAM - CEBU,M35-39,1740895801.927,,,,,,,,,,,,,,0.0,0.0,0.0,0.0,AG,,,,,,,1,11,4866.871,3.0,False
21,00:15:19.871,SWIM,Swim Finish,RHC9RLWB,1009,Mejares Naune Elison,6:25:22 am,1740867921.798,M,,PHI,ph,ANL TRI TEAM - CEBU,M35-39,1740896721.798,32:54,32:54,1.82,20:27,20:27,2.94,02:03 min/100m,02:03 min/100m,00:15:19.871,00:15:19.871,00:15:19.871,00:15:21.255,,919.871,919.871,919.871,921.255,AG,1.0,2.0,2.0,,,,2,11,4866.871,3.0,False
22,00:17:22.209,T1,Bike Start,RHC9RLWB,1009,Mejares Naune Elison,6:27:25 am,1740868044.136,M,,PHI,ph,ANL TRI TEAM - CEBU,M35-39,1740896844.136,32:54,32:54,1.82,20:27,20:27,2.94,20:27 min/km,20:27 min/km,00:02:02.338,00:02:02.338,00:17:22.209,00:17:23.593,,122.338,122.338,1042.209,1043.593,AG,1.0,1.0,1.0,,,,3,11,4866.871,3.0,False
23,00:38:00.073,BIKE2,Bike 11 km,RHC9RLWB,1009,Mejares Naune Elison,6:48:02 am,1740869282.00,M,,PHI,ph,ANL TRI TEAM - CEBU,M35-39,1740898082.00,03:00,03:00,20.00,01:52,01:52,32.19,32.19 km/hr,32.19 km/hr,00:20:37.864,00:20:37.864,00:38:00.073,00:38:01.457,,1237.864,1237.864,2280.073,2281.457,AG,,,,,,,5,11,4866.871,3.0,False
24,00:56:15.927,BIKE,Bike Finish,RHC9RLWB,1009,Mejares Naune Elison,7:06:18 am,1740870377.854,M,,PHI,ph,ANL TRI TEAM - CEBU,M35-39,1740899177.854,03:14,03:07,18.62,02:01,01:56,29.97,29.97 km/hr,31.15 km/hr,00:38:53.718,00:18:15.854,00:56:15.927,00:56:17.311,,1095.854,2333.718,3375.927,3377.311,AG,2.0,6.0,6.0,,,,6,11,4866.871,3.0,False
25,00:58:56.998,T2,Run Start,RHC9RLWB,1009,Mejares Naune Elison,7:08:59 am,1740870538.925,M,,PHI,ph,ANL TRI TEAM - CEBU,M35-39,1740899338.925,04:15,04:15,14.12,02:39,02:39,22.73,02:39 min/km,02:39 min/km,00:02:41.071,00:02:41.071,00:58:56.998,00:58:58.382,,161.071,161.071,3536.998,3538.382,AG,1.0,6.0,7.0,,,,7,11,4866.871,3.0,False
26,01:00:54.073,RUN1,Run 0.4 km,RHC9RLWB,1009,Mejares Naune Elison,7:10:56 am,1740870656.00,M,,PHI,ph,ANL TRI TEAM - CEBU,M35-39,1740899456.00,06:59,06:59,8.60,04:21,04:21,13.84,04:21 min/km,04:21 min/km,00:01:57.075,00:01:57.075,01:00:54.073,01:00:55.457,,117.075,117.075,3654.073,3655.457,AG,,,,,,,8,11,4866.871,3.0,False
27,01:09:44.073,RUN2,Run 2.3 km,RHC9RLWB,1009,Mejares Naune Elison,7:19:46 am,1740871186.00,M,,PHI,ph,ANL TRI TEAM - CEBU,M35-39,1740899986.00,07:23,07:18,8.14,04:35,04:33,13.10,04:35 min/km,04:33 min/km,00:10:47.075,00:08:50.00,01:09:44.073,01:09:45.457,,530.0,647.075,4184.073,4185.457,AG,,,,,,,9,11,4866.871,3.0,False
28,01:18:50.073,RUN3,Run 4.3 km,RHC9RLWB,1009,Mejares Naune Elison,7:28:52 am,1740871732.00,M,,PHI,ph,ANL TRI TEAM - CEBU,M35-39,1740900532.00,07:37,07:27,7.89,04:44,04:38,12.70,04:44 min/km,04:38 min/km,00:19:53.075,00:09:06.00,01:18:50.073,01:18:51.457,,546.0,1193.075,4730.073,4731.457,AG,,,,,,,10,11,4866.871,3.0,False
29,01:21:06.871,FINISH,Finish,RHC9RLWB,1009,Mejares Naune Elison,7:31:09 am,1740871868.798,M,,PHI,ph,ANL TRI TEAM - CEBU,M35-39,1740900668.798,06:23,07:19,9.42,03:58,04:33,15.17,03:58 min/km,04:33 min/km,00:22:09.873,00:02:16.798,01:21:06.871,01:21:08.255,1,136.798,1329.873,4866.871,4868.255,AG,1.0,2.0,2.0,1.0,3.0,3.0,11,11,4866.871,3.0,False
30,00:00:00.00,START,Start,RR6UGD3X,1036,Benito Bascos,6:10:02 am,1740867001.993,M,1,PHI,ph,Isabela Tri Club,M20-24,1740895801.993,,,,,,,,,,,,,,0.0,0.0,0.0,0.0,AG,,,,,,,1,11,4909.285,4.0,False
31,00:16:37.531,SWIM,Swim Finish,RR6UGD3X,1036,Benito Bascos,6:26:40 am,1740867999.524,M,,PHI,ph,Isabela Tri Club,M20-24,1740896799.524,35:41,35:41,1.68,22:11,22:11,2.71,02:13 min/100m,02:13 min/100m,00:16:37.531,00:16:37.531,00:16:37.531,00:16:38.981,,997.531,997.531,997.531,998.981,AG,1.0,5.0,6.0,,,,2,11,4909.285,4.0,False
32,00:19:07.018,T1,Bike Start,RR6UGD3X,1036,Benito Bascos,6:29:10 am,1740868149.011,M,,PHI,ph,Isabela Tri Club,M20-24,1740896949.011,35:41,35:41,1.68,22:11,22:11,2.71,22:11 min/km,22:11 min/km,00:02:29.487,00:02:29.487,00:19:07.018,00:19:08.468,,149.487,149.487,1147.018,1148.468,AG,2.0,5.0,5.0,,,,3,11,4909.285,4.0,False
33,00:30:20.007,BIKE1,Bike 6 km,RR6UGD3X,1036,Benito Bascos,6:40:22 am,1740868822.00,M,,PHI,ph,Isabela Tri Club,M20-24,1740897622.00,02:55,02:55,20.66,01:49,01:49,33.24,33.24 km/hr,33.24 km/hr,00:11:12.989,00:11:12.989,00:30:20.007,00:30:21.457,,672.989,672.989,1820.007,1821.457,AG,,,,,,,4,11,4909.285,4.0,False
34,00:38:11.007,BIKE2,Bike 11 km,RR6UGD3X,1036,Benito Bascos,6:48:13 am,1740869293.00,M,,PHI,ph,Isabela Tri Club,M20-24,1740898093.00,02:37,02:47,23.06,01:37,01:44,37.11,37.11 km/hr,34.84 km/hr,00:19:03.989,00:07:51.00,00:38:11.007,00:38:12.457,,471.0,1143.989,2291.007,2292.457,AG,,,,,,,5,11,4909.285,4.0,False
35,00:54:56.771,BIKE,Bike Finish,RR6UGD3X,1036,Benito Bascos,7:04:59 am,1740870298.764,M,,PHI,ph,Isabela Tri Club,M20-24,1740899098.764,02:58,02:52,20.29,01:51,01:47,32.65,32.65 km/hr,33.81 km/hr,00:35:49.753,00:16:45.764,00:54:56.771,00:54:58.221,,1005.764,2149.753,3296.771,3298.221,AG,3.0,3.0,3.0,,,,6,11,4909.285,4.0,False
36,00:57:16.576,T2,Run Start,RR6UGD3X,1036,Benito Bascos,7:07:19 am,1740870438.569,M,,PHI,ph,Isabela Tri Club,M20-24,1740899238.569,04:09,04:09,14.46,02:35,02:35,23.27,02:35 min/km,02:35 min/km,00:02:19.805,00:02:19.805,00:57:16.576,00:57:18.026,,139.805,139.805,3436.576,3438.026,AG,1.0,2.0,2.0,,,,7,11,4909.285,4.0,False
37,00:59:22.007,RUN1,Run 0.4 km,RR6UGD3X,1036,Benito Bascos,7:09:24 am,1740870564.00,M,,PHI,ph,Isabela Tri Club,M20-24,1740899364.00,07:29,07:29,8.02,04:39,04:39,12.91,04:39 min/km,04:39 min/km,00:02:05.431,00:02:05.431,00:59:22.007,00:59:23.457,,125.431,125.431,3562.007,3563.457,AG,,,,,,,8,11,4909.285,4.0,False
38,01:08:53.007,RUN2,Run 2.3 km,RR6UGD3X,1036,Benito Bascos,7:18:55 am,1740871135.00,M,,PHI,ph,Isabela Tri Club,M20-24,1740899935.00,07:57,07:52,7.55,04:57,04:53,12.16,04:57 min/km,04:53 min/km,00:11:36.431,00:09:31.00,01:08:53.007,01:08:54.457,,571.0,696.431,4133.007,4134.457,AG,,,,,,,9,11,4909.285,4.0,False
39,01:19:16.007,RUN3,Run 4.3 km,RR6UGD3X,1036,Benito Bascos,7:29:18 am,1740871758.00,M,,PHI,ph,Isabela Tri Club,M20-24,1740900558.00,08:41,08:14,6.92,05:24,05:07,11.13,05:24 min/km,05:07 min/km,00:21:59.431,00:10:23.00,01:19:16.007,01:19:17.457,,623.0,1319.431,4756.007,4757.457,AG,,,,,,,10,11,4909.285,4.0,False
40,01:21:49.285,FINISH,Finish,RR6UGD3X,1036,Benito Bascos,7:31:52 am,1740871911.278,M,,PHI,ph,Isabela Tri Club,M20-24,1740900711.278,07:09,08:06,8.41,04:26,05:02,13.54,04:26 min/km,05:02 min/km,00:24:32.709,00:02:33.278,01:21:49.285,01:21:50.735,1,153.278,1472.709,4909.285,4910.735,AG,2.0,5.0,5.0,2.0,4.0,4.0,11,11,4909.285,4.0,False
41,00:00:00.00,START,Start,R285JLTG,1010,Nicholas Ymer Campaner,6:10:02 am,1740867001.598,M,1,PHI,ph,Campaner Tri Team - Ceb,M15-19,1740895801.598,,,,,,,,,,,,,,0.0,0.0,0.0,0.0,AG,,,,,,,1,11,5137.196,5.0,False
42,00:16:37.684,SWIM,Swim Finish,R285JLTG,1010,Nicholas Ymer Campaner,6:26:40 am,1740867999.282,M,,PHI,ph,Campaner Tri Team - Ceb,M15-19,1740896799.282,35:41,35:41,1.68,22:11,22:11,2.71,02:13 min/100m,02:13 min/100m,00:16:37.684,00:16:37.684,00:16:37.684,00:16:38.739,,997.684,997.684,997.684,998.739,AG,1.0,6.0,7.0,,,,2,11,5137.196,5.0,False
43,00:19:04.409,T1,Bike Start,R285JLTG,1010,Nicholas Ymer Campaner,6:29:07 am,1740868146.007,M,,PHI,ph,Campaner Tri Team - Ceb,M15-19,1740896946.007,35:41,35:41,1.68,22:11,22:11,2.71,22:11 min/km,22:11 min/km,00:02:26.725,00:02:26.725,00:19:04.409,00:19:05.464,,146.725,146.725,1144.409,1145.464,AG,1.0,4.0,4.0,,,,3,11,5137.196,5.0,False
44,00:39:36.402,BIKE2,Bike 11 km,R285JLTG,1010,Nicholas Ymer Campaner,6:49:38 am,1740869378.00,M,,PHI,ph,Campaner Tri Team - Ceb,M15-19,1740898178.00,03:00,03:00,20.10,01:52,01:52,32.35,32.35 km/hr,32.35 km/hr,00:20:31.993,00:20:31.993,00:39:36.402,00:39:37.457,,1231.993,1231.993,2376.402,2377.457,AG,,,,,,,5,11,5137.196,5.0,False
45,00:58:05.94,BIKE,Bike Finish,R285JLTG,1010,Nicholas Ymer Campaner,7:08:08 am,1740870487.538,M,,PHI,ph,Campaner Tri Team - Ceb,M15-19,1740899287.538,03:16,03:07,18.39,02:02,01:56,29.59,29.59 km/hr,31.04 km/hr,00:39:01.531,00:18:29.538,00:58:05.94,00:58:06.995,,1109.538,2341.531,3485.94,3486.995,AG,1.0,7.0,7.0,,,,6,11,5137.196,5.0,False
46,01:00:22.745,T2,Run Start,R285JLTG,1010,Nicholas Ymer Campaner,7:10:25 am,1740870624.343,M,,PHI,ph,Campaner Tri Team - Ceb,M15-19,1740899424.343,04:24,04:24,13.68,02:44,02:44,22.01,02:44 min/km,02:44 min/km,00:02:16.805,00:02:16.805,01:00:22.745,01:00:23.80,,136.805,136.805,3622.745,3623.8,AG,1.0,1.0,1.0,,,,7,11,5137.196,5.0,False
47,01:02:41.402,RUN1,Run 0.4 km,R285JLTG,1010,Nicholas Ymer Campaner,7:12:43 am,1740870763.00,M,,PHI,ph,Campaner Tri Team - Ceb,M15-19,1740899563.00,08:16,08:16,7.26,05:09,05:09,11.68,05:09 min/km,05:09 min/km,00:02:18.657,00:02:18.657,01:02:41.402,01:02:42.457,,138.657,138.657,3761.402,3762.457,AG,,,,,,,8,11,5137.196,5.0,False
48,01:12:32.402,RUN2,Run 2.3 km,R285JLTG,1010,Nicholas Ymer Campaner,7:22:34 am,1740871354.00,M,,PHI,ph,Campaner Tri Team - Ceb,M15-19,1740900154.00,08:14,08:14,7.30,05:07,05:07,11.75,05:07 min/km,05:07 min/km,00:12:09.657,00:09:51.00,01:12:32.402,01:12:33.457,,591.0,729.657,4352.402,4353.457,AG,,,,,,,9,11,5137.196,5.0,False
49,01:22:58.402,RUN3,Run 4.3 km,R285JLTG,1010,Nicholas Ymer Campaner,7:33:00 am,1740871980.00,M,,PHI,ph,Campaner Tri Team - Ceb,M15-19,1740900780.00,08:43,08:27,6.88,05:25,05:15,11.08,05:25 min/km,05:15 min/km,00:22:35.657,00:10:26.00,01:22:58.402,01:22:59.457,,626.0,1355.657,4978.402,4979.457,AG,,,,,,,10,11,5137.196,5.0,False
50,01:25:37.196,FINISH,Finish,R285JLTG,1010,Nicholas Ymer Campaner,7:35:39 am,1740872138.794,M,,PHI,ph,Campaner Tri Team - Ceb,M15-19,1740900938.794,07:24,08:20,8.12,04:36,05:11,13.07,04:36 min/km,05:11 min/km,00:25:14.451,00:02:38.794,01:25:37.196,01:25:38.251,1,158.794,1514.451,5137.196,5138.251,AG,1.0,6.0,6.0,1.0,5.0,5.0,11,11,5137.196,5.0,False
51,00:00:00.00,START,Start,R7TASC64,1013,Nathan Carl Vidal,6:10:10 am,1740867009.634,M,1,PHI,ph,,M35-39,1740895809.634,,,,,,,,,,,,,,0.0,0.0,0.0,0.0,AG,,,,,,,1,11,5507.269,6.0,False
52,00:20:35.007,SWIM,Swim Finish,R7TASC64,1013,Nathan Carl Vidal,6:30:45 am,1740868244.641,M,,PHI,ph,,M35-39,1740897044.641,44:11,44:11,1.36,27:27,27:27,2.19,02:45 min/100m,02:45 min/100m,00:20:35.007,00:20:35.007,00:20:35.007,00:20:44.098,,1235.007,1235.007,1235.007,1244.098,AG,2.0,11.0,13.0,,,,2,11,5507.269,6.0,False
53,00:23:48.263,T1,Bike Start,R7TASC64,1013,Nathan Carl Vidal,6:33:58 am,1740868437.897,M,,PHI,ph,,M35-39,1740897237.897,44:11,44:11,1.36,27:27,27:27,2.19,27:27 min/km,27:27 min/km,00:03:13.256,00:03:13.256,00:23:48.263,00:23:57.354,,193.256,193.256,1428.263,1437.354,AG,2.0,9.0,10.0,,,,3,11,5507.269,6.0,False
54,00:35:28.366,BIKE1,Bike 6 km,R7TASC64,1013,Nathan Carl Vidal,6:45:38 am,1740869138.00,M,,PHI,ph,,M35-39,1740897938.00,03:02,03:02,19.86,01:53,01:53,31.95,31.95 km/hr,31.95 km/hr,00:11:40.103,00:11:40.103,00:35:28.366,00:35:37.457,,700.103,700.103,2128.366,2137.457,AG,,,,,,,4,11,5507.269,6.0,False
55,00:43:47.366,BIKE2,Bike 11 km,R7TASC64,1013,Nathan Carl Vidal,6:53:57 am,1740869637.00,M,,PHI,ph,,M35-39,1740898437.00,02:46,02:55,21.77,01:43,01:49,35.03,35.03 km/hr,33.23 km/hr,00:19:59.103,00:08:19.00,00:43:47.366,00:43:56.457,,499.0,1199.103,2627.366,2636.457,AG,,,,,,,5,11,5507.269,6.0,False
56,01:01:31.916,BIKE,Bike Finish,R7TASC64,1013,Nathan Carl Vidal,7:11:42 am,1740870701.55,M,,PHI,ph,,M35-39,1740899501.55,03:08,03:01,19.17,01:57,01:53,30.85,30.85 km/hr,32.11 km/hr,00:37:43.653,00:17:44.55,01:01:31.916,01:01:41.007,,1064.55,2263.653,3691.916,3701.007,AG,1.0,5.0,5.0,,,,6,11,5507.269,6.0,False
57,01:04:15.052,T2,Run Start,R7TASC64,1013,Nathan Carl Vidal,7:14:25 am,1740870864.686,M,,PHI,ph,,M35-39,1740899664.686,04:39,04:39,12.91,02:54,02:54,20.78,02:54 min/km,02:54 min/km,00:02:43.136,00:02:43.136,01:04:15.052,01:04:24.143,,163.136,163.136,3855.052,3864.143,AG,2.0,7.0,8.0,,,,7,11,5507.269,6.0,False
58,01:06:40.366,RUN1,Run 0.4 km,R7TASC64,1013,Nathan Carl Vidal,7:16:50 am,1740871010.00,M,,PHI,ph,,M35-39,1740899810.00,08:40,08:40,6.93,05:23,05:23,11.15,05:23 min/km,05:23 min/km,00:02:25.314,00:02:25.314,01:06:40.366,01:06:49.457,,145.314,145.314,4000.366,4009.457,AG,,,,,,,8,11,5507.269,6.0,False
59,01:17:05.366,RUN2,Run 2.3 km,R7TASC64,1013,Nathan Carl Vidal,7:27:15 am,1740871635.00,M,,PHI,ph,,M35-39,1740900435.00,08:42,08:42,6.90,05:25,05:24,11.11,05:25 min/km,05:24 min/km,00:12:50.314,00:10:25.00,01:17:05.366,01:17:14.457,,625.0,770.314,4625.366,4634.457,AG,,,,,,,9,11,5507.269,6.0,False
60,01:28:50.366,RUN3,Run 4.3 km,R7TASC64,1013,Nathan Carl Vidal,7:39:00 am,1740872340.00,M,,PHI,ph,,M35-39,1740901140.00,09:49,09:12,6.11,06:06,05:43,9.84,06:06 min/km,05:43 min/km,00:24:35.314,00:11:45.00,01:28:50.366,01:28:59.457,,705.0,1475.314,5330.366,5339.457,AG,,,,,,,10,11,5507.269,6.0,False
61,01:31:47.269,FINISH,Finish,R7TASC64,1013,Nathan Carl Vidal,7:41:57 am,1740872516.903,M,,PHI,ph,,M35-39,1740901316.903,08:14,09:05,7.29,05:07,05:39,11.73,05:07 min/km,05:39 min/km,00:27:32.217,00:02:56.903,01:31:47.269,01:31:56.36,1,176.903,1652.217,5507.269,5516.36,AG,2.0,12.0,12.0,2.0,6.0,6.0,11,11,5507.269,6.0,False
62,00:00:00.00,START,Start,RAR9LTSY,1030,Yuen Magdalena William Verbruggen,6:10:10 am,1740867009.669,M,1,PHI,ph,,M20-24,1740895809.669,,,,,,,,,,,,,,0.0,0.0,0.0,0.0,AG,,,,,,,1,11,5556.465,7.0,False
63,00:24:54.918,SWIM,Swim Finish,RAR9LTSY,1030,Yuen Magdalena William Verbruggen,6:35:05 am,1740868504.587,M,,PHI,ph,,M20-24,1740897304.587,53:28,53:28,1.12,33:14,33:14,1.81,03:19 min/100m,03:19 min/100m,00:24:54.918,00:24:54.918,00:24:54.918,00:25:04.044,,1494.918,1494.918,1494.918,1504.044,AG,3.0,16.0,21.0,,,,2,11,5556.465,7.0,False
64,00:28:53.955,T1,Bike Start,RAR9LTSY,1030,Yuen Magdalena William Verbruggen,6:39:04 am,1740868743.624,M,,PHI,ph,,M20-24,1740897543.624,53:28,53:28,1.12,33:14,33:14,1.81,33:14 min/km,33:14 min/km,00:03:59.037,00:03:59.037,00:28:53.955,00:29:03.081,,239.037,239.037,1733.955,1743.081,AG,3.0,15.0,19.0,,,,3,11,5556.465,7.0,False
65,00:39:33.331,BIKE1,Bike 6 km,RAR9LTSY,1030,Yuen Magdalena William Verbruggen,6:49:43 am,1740869383.00,M,,PHI,ph,,M20-24,1740898183.00,02:46,02:46,21.74,01:43,01:43,34.99,34.99 km/hr,34.99 km/hr,00:10:39.376,00:10:39.376,00:39:33.331,00:39:42.457,,639.376,639.376,2373.331,2382.457,AG,,,,,,,4,11,5556.465,7.0,False
66,00:47:10.331,BIKE2,Bike 11 km,RAR9LTSY,1030,Yuen Magdalena William Verbruggen,6:57:20 am,1740869840.00,M,,PHI,ph,,M20-24,1740898640.00,02:32,02:40,23.77,01:35,01:40,38.25,38.25 km/hr,36.35 km/hr,00:18:16.376,00:07:37.00,00:47:10.331,00:47:19.457,,457.0,1096.376,2830.331,2839.457,AG,,,,,,,5,11,5556.465,7.0,False
67,01:03:22.763,BIKE,Bike Finish,RAR9LTSY,1030,Yuen Magdalena William Verbruggen,7:13:33 am,1740870812.432,M,,PHI,ph,,M20-24,1740899612.432,02:52,02:45,20.98,01:47,01:43,33.77,33.77 km/hr,35.14 km/hr,00:34:28.808,00:16:12.432,01:03:22.763,01:03:31.889,,972.432,2068.808,3802.763,3811.889,AG,2.0,2.0,2.0,,,,6,11,5556.465,7.0,False
68,01:07:13.842,T2,Run Start,RAR9LTSY,1030,Yuen Magdalena William Verbruggen,7:17:24 am,1740871043.511,M,,PHI,ph,,M20-24,1740899843.511,04:48,04:48,12.54,02:59,02:59,20.18,02:59 min/km,02:59 min/km,00:03:51.079,00:03:51.079,01:07:13.842,01:07:22.968,,231.079,231.079,4033.842,4042.968,AG,3.0,12.0,15.0,,,,7,11,5556.465,7.0,False
69,01:09:32.331,RUN1,Run 0.4 km,RAR9LTSY,1030,Yuen Magdalena William Verbruggen,7:19:42 am,1740871182.00,M,,PHI,ph,,M20-24,1740899982.00,08:16,08:16,7.27,05:08,05:08,11.70,05:08 min/km,05:08 min/km,00:02:18.489,00:02:18.489,01:09:32.331,01:09:41.457,,138.489,138.489,4172.331,4181.457,AG,,,,,,,8,11,5556.465,7.0,False
70,01:19:03.331,RUN2,Run 2.3 km,RAR9LTSY,1030,Yuen Magdalena William Verbruggen,7:29:13 am,1740871753.00,M,,PHI,ph,,M20-24,1740900553.00,07:57,08:01,7.55,04:57,04:59,12.16,04:57 min/km,04:59 min/km,00:11:49.489,00:09:31.00,01:19:03.331,01:19:12.457,,571.0,709.489,4743.331,4752.457,AG,,,,,,,9,11,5556.465,7.0,False
71,01:30:03.331,RUN3,Run 4.3 km,RAR9LTSY,1030,Yuen Magdalena William Verbruggen,7:40:13 am,1740872413.00,M,,PHI,ph,,M20-24,1740901213.00,09:12,08:32,6.53,05:43,05:19,10.51,05:43 min/km,05:19 min/km,00:22:49.489,00:11:00.00,01:30:03.331,01:30:12.457,,660.0,1369.489,5403.331,5412.457,AG,,,,,,,10,11,5556.465,7.0,False
72,01:32:36.465,FINISH,Finish,RAR9LTSY,1030,Yuen Magdalena William Verbruggen,7:42:47 am,1740872566.134,M,,PHI,ph,,M20-24,1740901366.134,07:08,08:23,8.42,04:26,05:12,13.55,04:26 min/km,05:12 min/km,00:25:22.623,00:02:33.134,01:32:36.465,01:32:45.591,1,153.134,1522.623,5556.465,5565.591,AG,3.0,7.0,7.0,3.0,7.0,7.0,11,11,5556.465,7.0,False
73,00:00:00.00,START,Start,R2Y7PEKC,1017,Gilbert Bonbon,6:10:15 am,1740867014.942,M,1,,,Tandikan Tri Team,M40-44,1740895814.942,,,,,,,,,,,,,,0.0,0.0,0.0,0.0,AG,,,,,,,1,11,5572.871,8.0,False
74,00:17:22.867,SWIM,Swim Finish,R2Y7PEKC,1017,Gilbert Bonbon,6:27:38 am,1740868057.809,M,,,,Tandikan Tri Team,M40-44,1740896857.809,37:18,37:18,1.61,23:11,23:11,2.59,02:19 min/100m,02:19 min/100m,00:17:22.867,00:17:22.867,00:17:22.867,00:17:37.266,,1042.867,1042.867,1042.867,1057.266,AG,1.0,8.0,9.0,,,,2,11,5572.871,8.0,False
75,00:20:32.99,T1,Bike Start,R2Y7PEKC,1017,Gilbert Bonbon,6:30:48 am,1740868247.932,M,,,,Tandikan Tri Team,M40-44,1740897047.932,37:18,37:18,1.61,23:11,23:11,2.59,23:11 min/km,23:11 min/km,00:03:10.123,00:03:10.123,00:20:32.99,00:20:47.389,,190.123,190.123,1232.99,1247.389,AG,1.0,8.0,9.0,,,,3,11,5572.871,8.0,False
76,00:42:46.058,BIKE2,Bike 11 km,R2Y7PEKC,1017,Gilbert Bonbon,6:53:01 am,1740869581.00,M,,,,Tandikan Tri Team,M40-44,1740898381.00,03:14,03:14,18.58,02:01,02:01,29.90,29.90 km/hr,29.90 km/hr,00:22:13.068,00:22:13.068,00:42:46.058,00:43:00.457,,1333.068,1333.068,2566.058,2580.457,AG,,,,,,,5,11,5572.871,8.0,False
77,01:02:09.912,BIKE,Bike Finish,R2Y7PEKC,1017,Gilbert Bonbon,7:12:25 am,1740870744.854,M,,,,Tandikan Tri Team,M40-44,1740899544.854,03:26,03:20,17.53,02:08,02:04,28.21,28.21 km/hr,29.11 km/hr,00:41:36.922,00:19:23.854,01:02:09.912,01:02:24.311,,1163.854,2496.922,3729.912,3744.311,AG,1.0,9.0,9.0,,,,6,11,5572.871,8.0,False
78,01:05:45.448,T2,Run Start,R2Y7PEKC,1017,Gilbert Bonbon,7:16:01 am,1740870960.39,M,,,,Tandikan Tri Team,M40-44,1740899760.39,04:42,04:42,12.78,02:56,02:56,20.57,02:56 min/km,02:56 min/km,00:03:35.536,00:03:35.536,01:05:45.448,01:05:59.847,,215.536,215.536,3945.448,3959.847,AG,1.0,11.0,13.0,,,,7,11,5572.871,8.0,False
79,01:08:17.058,RUN1,Run 0.4 km,R2Y7PEKC,1017,Gilbert Bonbon,7:18:32 am,1740871112.00,M,,,,Tandikan Tri Team,M40-44,1740899912.00,09:03,09:03,6.64,05:37,05:37,10.68,05:37 min/km,05:37 min/km,00:02:31.61,00:02:31.61,01:08:17.058,01:08:31.457,,151.61,151.61,4097.058,4111.457,AG,,,,,,,8,11,5572.871,8.0,False
80,01:19:40.058,RUN2,Run 2.3 km,R2Y7PEKC,1017,Gilbert Bonbon,7:29:55 am,1740871795.00,M,,,,Tandikan Tri Team,M40-44,1740900595.00,09:31,09:25,6.32,05:55,05:51,10.16,05:55 min/km,05:51 min/km,00:13:54.61,00:11:23.00,01:19:40.058,01:19:54.457,,683.0,834.61,4780.058,4794.457,AG,,,,,,,9,11,5572.871,8.0,False
81,01:30:37.058,RUN3,Run 4.3 km,R2Y7PEKC,1017,Gilbert Bonbon,7:40:52 am,1740872452.00,M,,,,Tandikan Tri Team,M40-44,1740901252.00,09:09,09:18,6.56,05:42,05:47,10.56,05:42 min/km,05:47 min/km,00:24:51.61,00:10:57.00,01:30:37.058,01:30:51.457,,657.0,1491.61,5437.058,5451.457,AG,,,,,,,10,11,5572.871,8.0,False
82,01:32:52.871,FINISH,Finish,R2Y7PEKC,1017,Gilbert Bonbon,7:43:08 am,1740872587.813,M,,,,Tandikan Tri Team,M40-44,1740901387.813,06:20,08:57,9.49,03:56,05:34,15.28,03:56 min/km,05:34 min/km,00:27:07.423,00:02:15.813,01:32:52.871,01:33:07.27,1,135.813,1627.423,5572.871,5587.27,AG,1.0,11.0,11.0,1.0,8.0,8.0,11,11,5572.871,8.0,False
83,00:00:00.00,START,Start,RP7BCN3H,1006,Leo David Leuterio,6:10:03 am,1740867002.665,M,1,PHI,ph,Team Somats,M30-34,1740895802.665,,,,,,,,,,,,,,0.0,0.0,0.0,0.0,AG,,,,,,,1,11,5608.527,9.0,False
84,00:20:20.426,SWIM,Swim Finish,RP7BCN3H,1006,Leo David Leuterio,6:30:24 am,1740868223.091,M,,PHI,ph,Team Somats,M30-34,1740897023.091,43:39,43:39,1.37,27:08,27:08,2.21,02:43 min/100m,02:43 min/100m,00:20:20.426,00:20:20.426,00:20:20.426,00:20:22.548,,1220.426,1220.426,1220.426,1222.548,AG,2.0,10.0,11.0,,,,2,11,5608.527,9.0,False
85,00:22:57.99,T1,Bike Start,RP7BCN3H,1006,Leo David Leuterio,6:33:01 am,1740868380.655,M,,PHI,ph,Team Somats,M30-34,1740897180.655,43:39,43:39,1.37,27:08,27:08,2.21,27:08 min/km,27:08 min/km,00:02:37.564,00:02:37.564,00:22:57.99,00:23:00.112,,157.564,157.564,1377.99,1380.112,AG,1.0,6.0,7.0,,,,3,11,5608.527,9.0,False
86,00:45:17.335,BIKE2,Bike 11 km,RP7BCN3H,1006,Leo David Leuterio,6:55:20 am,1740869720.00,M,,PHI,ph,Team Somats,M30-34,1740898520.00,03:15,03:15,18.49,02:01,02:01,29.75,29.75 km/hr,29.75 km/hr,00:22:19.345,00:22:19.345,00:45:17.335,00:45:19.457,,1339.345,1339.345,2717.335,2719.457,AG,,,,,,,5,11,5608.527,9.0,False
87,01:04:51.033,BIKE,Bike Finish,RP7BCN3H,1006,Leo David Leuterio,7:14:54 am,1740870893.698,M,,PHI,ph,Team Somats,M30-34,1740899693.698,03:28,03:21,17.38,02:09,02:05,27.98,27.98 km/hr,28.92 km/hr,00:41:53.043,00:19:33.698,01:04:51.033,01:04:53.155,,1173.698,2513.043,3891.033,3893.155,AG,2.0,11.0,11.0,,,,6,11,5608.527,9.0,False
88,01:08:00.432,T2,Run Start,RP7BCN3H,1006,Leo David Leuterio,7:18:04 am,1740871083.097,M,,PHI,ph,Team Somats,M30-34,1740899883.097,04:54,04:54,12.25,03:03,03:03,19.72,03:03 min/km,03:03 min/km,00:03:09.399,00:03:09.399,01:08:00.432,01:08:02.554,,189.399,189.399,4080.432,4082.554,AG,2.0,9.0,11.0,,,,7,11,5608.527,9.0,False
89,01:10:20.335,RUN1,Run 0.4 km,RP7BCN3H,1006,Leo David Leuterio,7:20:23 am,1740871223.00,M,,PHI,ph,Team Somats,M30-34,1740900023.00,08:21,08:21,7.19,05:11,05:11,11.58,05:11 min/km,05:11 min/km,00:02:19.903,00:02:19.903,01:10:20.335,01:10:22.457,,139.903,139.903,4220.335,4222.457,AG,,,,,,,8,11,5608.527,9.0,False
90,01:20:17.335,RUN2,Run 2.3 km,RP7BCN3H,1006,Leo David Leuterio,7:30:20 am,1740871820.00,M,,PHI,ph,Team Somats,M30-34,1740900620.00,08:19,08:19,7.22,05:10,05:10,11.63,05:10 min/km,05:10 min/km,00:12:16.903,00:09:57.00,01:20:17.335,01:20:19.457,,597.0,736.903,4817.335,4819.457,AG,,,,,,,9,11,5608.527,9.0,False
91,01:30:49.335,RUN3,Run 4.3 km,RP7BCN3H,1006,Leo David Leuterio,7:40:52 am,1740872452.00,M,,PHI,ph,Team Somats,M30-34,1740901252.00,08:48,08:32,6.82,05:29,05:18,10.97,05:29 min/km,05:18 min/km,00:22:48.903,00:10:32.00,01:30:49.335,01:30:51.457,,632.0,1368.903,5449.335,5451.457,AG,,,,,,,10,11,5608.527,9.0,False
92,01:33:28.527,FINISH,Finish,RP7BCN3H,1006,Leo David Leuterio,7:43:32 am,1740872611.192,M,,PHI,ph,Team Somats,M30-34,1740901411.192,07:25,08:24,8.10,04:37,05:14,13.03,04:37 min/km,05:14 min/km,00:25:28.095,00:02:39.192,01:33:28.527,01:33:30.649,1,159.192,1528.095,5608.527,5610.649,AG,1.0,8.0,8.0,1.0,9.0,9.0,11,11,5608.527,9.0,False
93,00:00:00.00,START,Start,R3J8PHMN,1032,JP Cabero,6:10:15 am,1740867014.016,M,1,PHI,ph,Sharp Endura Tri,M45-49,1740895814.016,,,,,,,,,,,,,,0.0,0.0,0.0,0.0,AG,,,,,,,1,11,5701.7,10.0,False
94,00:16:30.207,SWIM,Swim Finish,R3J8PHMN,1032,JP Cabero,6:26:45 am,1740868004.223,M,,PHI,ph,Sharp Endura Tri,M45-49,1740896804.223,35:25,35:25,1.69,22:01,22:01,2.73,02:12 min/100m,02:12 min/100m,00:16:30.207,00:16:30.207,00:16:30.207,00:16:43.68,,990.207,990.207,990.207,1003.68,AG,1.0,4.0,5.0,,,,2,11,5701.7,10.0,False
95,00:20:05.338,T1,Bike Start,R3J8PHMN,1032,JP Cabero,6:30:20 am,1740868219.354,M,,PHI,ph,Sharp Endura Tri,M45-49,1740897019.354,35:25,35:25,1.69,22:01,22:01,2.73,22:01 min/km,22:01 min/km,00:03:35.131,00:03:35.131,00:20:05.338,00:20:18.811,,215.131,215.131,1205.338,1218.811,AG,1.0,13.0,15.0,,,,3,11,5701.7,10.0,False
96,00:33:13.984,BIKE1,Bike 6 km,R3J8PHMN,1032,JP Cabero,6:43:28 am,1740869008.00,M,,PHI,ph,Sharp Endura Tri,M45-49,1740897808.00,03:25,03:25,17.63,02:07,02:07,28.37,28.37 km/hr,28.37 km/hr,00:13:08.646,00:13:08.646,00:33:13.984,00:33:27.457,,788.646,788.646,1993.984,2007.457,AG,,,,,,,4,11,5701.7,10.0,False
97,00:42:18.984,BIKE2,Bike 11 km,R3J8PHMN,1032,JP Cabero,6:52:33 am,1740869553.00,M,,PHI,ph,Sharp Endura Tri,M45-49,1740898353.00,03:01,03:14,19.93,01:53,02:01,32.07,32.07 km/hr,29.88 km/hr,00:22:13.646,00:09:05.00,00:42:18.984,00:42:32.457,,545.0,1333.646,2538.984,2552.457,AG,,,,,,,5,11,5701.7,10.0,False
98,01:01:07.788,BIKE,Bike Finish,R3J8PHMN,1032,JP Cabero,7:11:22 am,1740870681.804,M,,PHI,ph,Sharp Endura Tri,M45-49,1740899481.804,03:20,03:17,18.08,02:04,02:02,29.09,29.09 km/hr,29.52 km/hr,00:41:02.45,00:18:48.804,01:01:07.788,01:01:21.261,,1128.804,2462.45,3667.788,3681.261,AG,1.0,8.0,8.0,,,,6,11,5701.7,10.0,False
99,01:05:16.092,T2,Run Start,R3J8PHMN,1032,JP Cabero,7:15:31 am,1740870930.108,M,,PHI,ph,Sharp Endura Tri,M45-49,1740899730.108,04:37,04:37,13.00,02:53,02:53,20.92,02:53 min/km,02:53 min/km,00:04:08.304,00:04:08.304,01:05:16.092,01:05:29.565,,248.304,248.304,3916.092,3929.565,AG,1.0,13.0,17.0,,,,7,11,5701.7,10.0,False
100,01:07:58.984,RUN1,Run 0.4 km,R3J8PHMN,1032,JP Cabero,7:18:13 am,1740871093.00,M,,PHI,ph,Sharp Endura Tri,M45-49,1740899893.00,09:43,09:43,6.18,06:02,06:02,9.94,06:02 min/km,06:02 min/km,00:02:42.892,00:02:42.892,01:07:58.984,01:08:12.457,,162.892,162.892,4078.984,4092.457,AG,,,,,,,8,11,5701.7,10.0,False
101,01:19:28.984,RUN2,Run 2.3 km,R3J8PHMN,1032,JP Cabero,7:29:43 am,1740871783.00,M,,PHI,ph,Sharp Endura Tri,M45-49,1740900583.00,09:36,09:38,6.25,05:58,05:59,10.06,05:58 min/km,05:59 min/km,00:14:12.892,00:11:30.00,01:19:28.984,01:19:42.457,,690.0,852.892,4768.984,4782.457,AG,,,,,,,9,11,5701.7,10.0,False
102,01:32:01.984,RUN3,Run 4.3 km,R3J8PHMN,1032,JP Cabero,7:42:16 am,1740872536.00,M,,PHI,ph,Sharp Endura Tri,M45-49,1740901336.00,10:30,10:01,5.72,06:31,06:14,9.21,06:31 min/km,06:14 min/km,00:26:45.892,00:12:33.00,01:32:01.984,01:32:15.457,,753.0,1605.892,5521.984,5535.457,AG,,,,,,,10,11,5701.7,10.0,False
103,01:35:01.70,FINISH,Finish,R3J8PHMN,1032,JP Cabero,7:45:16 am,1740872715.716,M,,PHI,ph,Sharp Endura Tri,M45-49,1740901515.716,08:22,09:49,7.17,05:12,06:06,11.54,05:12 min/km,06:06 min/km,00:29:45.608,00:02:59.716,01:35:01.70,01:35:15.173,1,179.716,1785.608,5701.7,5715.173,AG,1.0,13.0,14.0,1.0,10.0,10.0,11,11,5701.7,10.0,False
104,00:00:00.00,START,Start,RPB96SXL,1003,Lemuel Ledesma,6:10:02 am,1740867001.923,M,1,PHI,ph,Team Somats,M25-29,1740895801.923,,,,,,,,,,,,,,0.0,0.0,0.0,0.0,AG,,,,,,,1,11,5741.902,11.0,False
105,00:13:26.05,SWIM,Swim Finish,RPB96SXL,1003,Lemuel Ledesma,6:23:28 am,1740867807.973,M,,PHI,ph,Team Somats,M25-29,1740896607.973,28:50,28:50,2.08,17:55,17:55,3.35,01:47 min/100m,01:47 min/100m,00:13:26.05,00:13:26.05,00:13:26.05,00:13:27.43,,806.05,806.05,806.05,807.43,AG,1.0,1.0,1.0,,,,2,11,5741.902,11.0,False
106,00:16:06.498,T1,Bike Start,RPB96SXL,1003,Lemuel Ledesma,6:26:09 am,1740867968.421,M,,PHI,ph,Team Somats,M25-29,1740896768.421,28:50,28:50,2.08,17:55,17:55,3.35,17:55 min/km,17:55 min/km,00:02:40.448,00:02:40.448,00:16:06.498,00:16:07.878,,160.448,160.448,966.498,967.878,AG,2.0,7.0,8.0,,,,3,11,5741.902,11.0,False
107,00:31:34.077,BIKE1,Bike 6 km,RPB96SXL,1003,Lemuel Ledesma,6:41:36 am,1740868896.00,M,,PHI,ph,Team Somats,M25-29,1740897696.00,04:01,04:01,14.99,02:30,02:30,24.12,24.12 km/hr,24.12 km/hr,00:15:27.579,00:15:27.579,00:31:34.077,00:31:35.457,,927.579,927.579,1894.077,1895.457,AG,,,,,,,4,11,5741.902,11.0,False
108,00:42:34.077,BIKE2,Bike 11 km,RPB96SXL,1003,Lemuel Ledesma,6:52:36 am,1740869556.00,M,,PHI,ph,Team Somats,M25-29,1740898356.00,03:39,03:51,16.46,02:16,02:24,26.49,26.49 km/hr,25.10 km/hr,00:26:27.579,00:11:00.00,00:42:34.077,00:42:35.457,,660.0,1587.579,2554.077,2555.457,AG,,,,,,,5,11,5741.902,11.0,False
109,01:05:48.654,BIKE,Bike Finish,RPB96SXL,1003,Lemuel Ledesma,7:15:51 am,1740870950.577,M,,PHI,ph,Team Somats,M25-29,1740899750.577,04:07,03:58,14.63,02:33,02:28,23.55,23.55 km/hr,24.37 km/hr,00:49:42.156,00:23:14.577,01:05:48.654,01:05:50.034,,1394.577,2982.156,3948.654,3950.034,AG,2.0,14.0,19.0,,,,6,11,5741.902,11.0,False
110,01:08:48.916,T2,Run Start,RPB96SXL,1003,Lemuel Ledesma,7:18:51 am,1740871130.839,M,,PHI,ph,Team Somats,M25-29,1740899930.839,04:59,04:59,12.07,03:06,03:06,19.43,03:06 min/km,03:06 min/km,00:03:00.262,00:03:00.262,01:08:48.916,01:08:50.296,,180.262,180.262,4128.916,4130.296,AG,2.0,8.0,10.0,,,,7,11,5741.902,11.0,False
111,01:11:26.077,RUN1,Run 0.4 km,RPB96SXL,1003,Lemuel Ledesma,7:21:28 am,1740871288.00,M,,PHI,ph,Team Somats,M25-29,1740900088.00,09:23,09:23,6.40,05:50,05:50,10.31,05:50 min/km,05:50 min/km,00:02:37.161,00:02:37.161,01:11:26.077,01:11:27.457,,157.161,157.161,4286.077,4287.457,AG,,,,,,,8,11,5741.902,11.0,False
112,01:21:33.077,RUN2,Run 2.3 km,RPB96SXL,1003,Lemuel Ledesma,7:31:35 am,1740871895.00,M,,PHI,ph,Team Somats,M25-29,1740900695.00,08:27,08:38,7.11,05:15,05:22,11.44,05:15 min/km,05:22 min/km,00:12:44.161,00:10:07.00,01:21:33.077,01:21:34.457,,607.0,764.161,4893.077,4894.457,AG,,,,,,,9,11,5741.902,11.0,False
113,01:33:01.077,RUN3,Run 4.3 km,RPB96SXL,1003,Lemuel Ledesma,7:43:03 am,1740872583.00,M,,PHI,ph,Team Somats,M25-29,1740901383.00,09:35,09:03,6.26,05:58,05:38,10.08,05:58 min/km,05:38 min/km,00:24:12.161,00:11:28.00,01:33:01.077,01:33:02.457,,688.0,1452.161,5581.077,5582.457,AG,,,,,,,10,11,5741.902,11.0,False
114,01:35:41.902,FINISH,Finish,RPB96SXL,1003,Lemuel Ledesma,7:45:44 am,1740872743.825,M,,PHI,ph,Team Somats,M25-29,1740901543.825,07:30,08:52,8.02,04:40,05:31,12.90,04:40 min/km,05:31 min/km,00:26:52.986,00:02:40.825,01:35:41.902,01:35:43.282,1,160.825,1612.986,5741.902,5743.282,AG,3.0,10.0,10.0,2.0,11.0,11.0,11,11,5741.902,11.0,False
115,00:00:00.00,START,Start,RRCK3A9L,1001,Santiago Bumolyad Jr,6:10:14 am,1740867013.805,M,1,PHI,ph,BJMP Multisports,M30-34,1740895813.805,,,,,,,,,,,,,,0.0,0.0,0.0,0.0,AG,,,,,,,1,11,5848.376,12.0,False
116,00:21:45.379,SWIM,Swim Finish,RRCK3A9L,1001,Santiago Bumolyad Jr,6:32:00 am,1740868319.184,M,,PHI,ph,BJMP Multisports,M30-34,1740897119.184,46:42,46:42,1.29,29:01,29:01,2.07,02:54 min/100m,02:54 min/100m,00:21:45.379,00:21:45.379,00:21:45.379,00:21:58.641,,1305.379,1305.379,1305.379,1318.641,AG,3.0,12.0,15.0,,,,2,11,5848.376,12.0,False
117,00:25:43.147,T1,Bike Start,RRCK3A9L,1001,Santiago Bumolyad Jr,6:35:57 am,1740868556.952,M,,PHI,ph,BJMP Multisports,M30-34,1740897356.952,46:42,46:42,1.29,29:01,29:01,2.07,29:01 min/km,29:01 min/km,00:03:57.768,00:03:57.768,00:25:43.147,00:25:56.409,,237.768,237.768,1543.147,1556.409,AG,3.0,14.0,18.0,,,,3,11,5848.376,12.0,False
118,00:38:55.195,BIKE1,Bike 6 km,RRCK3A9L,1001,Santiago Bumolyad Jr,6:49:09 am,1740869349.00,M,,PHI,ph,BJMP Multisports,M30-34,1740898149.00,03:26,03:26,17.55,02:08,02:08,28.24,28.24 km/hr,28.24 km/hr,00:13:12.048,00:13:12.048,00:38:55.195,00:39:08.457,,792.048,792.048,2335.195,2348.457,AG,,,,,,,4,11,5848.376,12.0,False
119,00:48:34.195,BIKE2,Bike 11 km,RRCK3A9L,1001,Santiago Bumolyad Jr,6:58:48 am,1740869928.00,M,,PHI,ph,BJMP Multisports,M30-34,1740898728.00,03:12,03:20,18.76,02:00,02:04,30.19,30.19 km/hr,29.07 km/hr,00:22:51.048,00:09:39.00,00:48:34.195,00:48:47.457,,579.0,1371.048,2914.195,2927.457,AG,,,,,,,5,11,5848.376,12.0,False
120,01:08:50.409,BIKE,Bike Finish,RRCK3A9L,1001,Santiago Bumolyad Jr,7:19:05 am,1740871144.214,M,,PHI,ph,BJMP Multisports,M30-34,1740899944.214,03:35,03:27,16.78,02:14,02:09,27.00,27.00 km/hr,28.09 km/hr,00:43:07.262,00:20:16.214,01:08:50.409,01:09:03.671,,1216.214,2587.262,4130.409,4143.671,AG,3.0,12.0,12.0,,,,6,11,5848.376,12.0,False
121,01:11:16.842,T2,Run Start,RRCK3A9L,1001,Santiago Bumolyad Jr,7:21:31 am,1740871290.647,M,,PHI,ph,BJMP Multisports,M30-34,1740900090.647,05:12,05:12,11.54,03:14,03:14,18.57,03:14 min/km,03:14 min/km,00:02:26.433,00:02:26.433,01:11:16.842,01:11:30.104,,146.433,146.433,4276.842,4290.104,AG,1.0,4.0,4.0,,,,7,11,5848.376,12.0,False
122,01:13:41.195,RUN1,Run 0.4 km,RRCK3A9L,1001,Santiago Bumolyad Jr,7:23:55 am,1740871435.00,M,,PHI,ph,BJMP Multisports,M30-34,1740900235.00,08:37,08:37,6.97,05:21,05:21,11.22,05:21 min/km,05:21 min/km,00:02:24.353,00:02:24.353,01:13:41.195,01:13:54.457,,144.353,144.353,4421.195,4434.457,AG,,,,,,,8,11,5848.376,12.0,False
123,01:23:18.195,RUN2,Run 2.3 km,RRCK3A9L,1001,Santiago Bumolyad Jr,7:33:32 am,1740872012.00,M,,PHI,ph,BJMP Multisports,M30-34,1740900812.00,08:02,08:09,7.48,05:00,05:04,12.03,05:00 min/km,05:04 min/km,00:12:01.353,00:09:37.00,01:23:18.195,01:23:31.457,,577.0,721.353,4998.195,5011.457,AG,,,,,,,9,11,5848.376,12.0,False
124,01:34:52.195,RUN3,Run 4.3 km,RRCK3A9L,1001,Santiago Bumolyad Jr,7:45:06 am,1740872706.00,M,,PHI,ph,BJMP Multisports,M30-34,1740901506.00,09:40,08:50,6.21,06:01,05:29,9.99,06:01 min/km,05:29 min/km,00:23:35.353,00:11:34.00,01:34:52.195,01:35:05.457,,694.0,1415.353,5692.195,5705.457,AG,,,,,,,10,11,5848.376,12.0,False
125,01:37:28.376,FINISH,Finish,RRCK3A9L,1001,Santiago Bumolyad Jr,7:47:43 am,1740872862.181,M,,PHI,ph,BJMP Multisports,M30-34,1740901662.181,07:17,08:39,8.25,04:31,05:22,13.28,04:31 min/km,05:22 min/km,00:26:11.534,00:02:36.181,01:37:28.376,01:37:41.638,1,156.181,1571.534,5848.376,5861.638,AG,2.0,9.0,9.0,2.0,12.0,12.0,11,11,5848.376,12.0,False
126,00:00:00.00,START,Start,RPKTW8GJ,1012,Sofia Adriana Calvo,6:10:20 am,1740867019.587,F,1,PHI,ph,,F25-29,1740895819.587,,,,,,,,,,,,,,0.0,0.0,0.0,0.0,AG,,,,,,,1,11,5956.758,13.0,False
127,00:20:48.605,SWIM,Swim Finish,RPKTW8GJ,1012,Sofia Adriana Calvo,6:31:09 am,1740868268.192,F,,PHI,ph,,F25-29,1740897068.192,44:40,44:40,1.34,27:45,27:45,2.16,02:46 min/100m,02:46 min/100m,00:20:48.605,00:20:48.605,00:20:48.605,00:21:07.649,,1248.605,1248.605,1248.605,1267.649,AG,1.0,3.0,14.0,,,,2,11,5956.758,13.0,False
128,00:24:11.138,T1,Bike Start,RPKTW8GJ,1012,Sofia Adriana Calvo,6:34:31 am,1740868470.725,F,,PHI,ph,,F25-29,1740897270.725,44:40,44:40,1.34,27:45,27:45,2.16,27:45 min/km,27:45 min/km,00:03:22.533,00:03:22.533,00:24:11.138,00:24:30.182,,202.533,202.533,1451.138,1470.182,AG,1.0,2.0,11.0,,,,3,11,5956.758,13.0,False
129,00:38:05.413,BIKE1,Bike 6 km,RPKTW8GJ,1012,Sofia Adriana Calvo,6:48:25 am,1740869305.00,F,,PHI,ph,,F25-29,1740898105.00,03:37,03:37,16.66,02:15,02:15,26.82,26.82 km/hr,26.82 km/hr,00:13:54.275,00:13:54.275,00:38:05.413,00:38:24.457,,834.275,834.275,2285.413,2304.457,AG,,,,,,,4,11,5956.758,13.0,False
130,00:47:34.413,BIKE2,Bike 11 km,RPKTW8GJ,1012,Sofia Adriana Calvo,6:57:54 am,1740869874.00,F,,PHI,ph,,F25-29,1740898674.00,03:09,03:25,19.09,01:58,02:07,30.72,30.72 km/hr,28.40 km/hr,00:23:23.275,00:09:29.00,00:47:34.413,00:47:53.457,,569.0,1403.275,2854.413,2873.457,AG,,,,,,,5,11,5956.758,13.0,False
131,01:08:23.576,BIKE,Bike Finish,RPKTW8GJ,1012,Sofia Adriana Calvo,7:18:44 am,1740871123.163,F,,PHI,ph,,F25-29,1740899923.163,03:41,03:32,16.33,02:17,02:12,26.29,26.29 km/hr,27.40 km/hr,00:44:12.438,00:20:49.163,01:08:23.576,01:08:42.62,,1249.163,2652.438,4103.576,4122.62,AG,1.0,1.0,13.0,,,,6,11,5956.758,13.0,False
132,01:11:10.158,T2,Run Start,RPKTW8GJ,1012,Sofia Adriana Calvo,7:21:30 am,1740871289.745,F,,PHI,ph,,F25-29,1740900089.745,05:10,05:10,11.62,03:13,03:13,18.70,03:13 min/km,03:13 min/km,00:02:46.582,00:02:46.582,01:11:10.158,01:11:29.202,,166.582,166.582,4270.158,4289.202,AG,1.0,2.0,9.0,,,,7,11,5956.758,13.0,False
133,01:13:55.413,RUN1,Run 0.4 km,RPKTW8GJ,1012,Sofia Adriana Calvo,7:24:15 am,1740871455.00,F,,PHI,ph,,F25-29,1740900255.00,09:52,09:52,6.09,06:08,06:08,9.80,06:08 min/km,06:08 min/km,00:02:45.255,00:02:45.255,01:13:55.413,01:14:14.457,,165.255,165.255,4435.413,4454.457,AG,,,,,,,8,11,5956.758,13.0,False
134,01:24:29.413,RUN2,Run 2.3 km,RPKTW8GJ,1012,Sofia Adriana Calvo,7:34:49 am,1740872089.00,F,,PHI,ph,,F25-29,1740900889.00,08:50,09:01,6.80,05:29,05:37,10.95,05:29 min/km,05:37 min/km,00:13:19.255,00:10:34.00,01:24:29.413,01:24:48.457,,634.0,799.255,5069.413,5088.457,AG,,,,,,,9,11,5956.758,13.0,False
135,01:36:22.413,RUN3,Run 4.3 km,RPKTW8GJ,1012,Sofia Adriana Calvo,7:46:42 am,1740872802.00,F,,PHI,ph,,F25-29,1740901602.00,09:56,09:26,6.04,06:11,05:52,9.73,06:11 min/km,05:52 min/km,00:25:12.255,00:11:53.00,01:36:22.413,01:36:41.457,,713.0,1512.255,5782.413,5801.457,AG,,,,,,,10,11,5956.758,13.0,False
136,01:39:16.758,FINISH,Finish,RPKTW8GJ,1012,Sofia Adriana Calvo,7:49:37 am,1740872976.345,F,,PHI,ph,,F25-29,1740901776.345,08:07,09:17,7.39,05:03,05:46,11.90,05:03 min/km,05:46 min/km,00:28:06.60,00:02:54.345,01:39:16.758,01:39:35.802,1,174.345,1686.6,5956.758,5975.802,AG,1.0,1.0,13.0,1.0,1.0,13.0,11,11,5956.758,13.0,False
137,00:00:00.00,START,Start,R39UHVYT,1027,Celso JR Ducao,6:10:10 am,1740867009.227,M,1,PHI,ph,Tandikan Tri Team,M30-34,1740895809.227,,,,,,,,,,,,,,0.0,0.0,0.0,0.0,AG,,,,,,,1,11,5960.079,14.0,False
138,00:19:47.789,SWIM,Swim Finish,R39UHVYT,1027,Celso JR Ducao,6:29:58 am,1740868197.016,M,,PHI,ph,Tandikan Tri Team,M30-34,1740896997.016,42:29,42:29,1.41,26:24,26:24,2.27,02:38 min/100m,02:38 min/100m,00:19:47.789,00:19:47.789,00:19:47.789,00:19:56.473,,1187.789,1187.789,1187.789,1196.473,AG,1.0,9.0,10.0,,,,2,11,5960.079,14.0,False
139,00:23:13.705,T1,Bike Start,R39UHVYT,1027,Celso JR Ducao,6:33:23 am,1740868402.932,M,,PHI,ph,Tandikan Tri Team,M30-34,1740897202.932,42:29,42:29,1.41,26:24,26:24,2.27,26:24 min/km,26:24 min/km,00:03:25.916,00:03:25.916,00:23:13.705,00:23:22.389,,205.916,205.916,1393.705,1402.389,AG,2.0,11.0,13.0,,,,3,11,5960.079,14.0,False
140,00:36:20.773,BIKE1,Bike 6 km,R39UHVYT,1027,Celso JR Ducao,6:46:30 am,1740869190.00,M,,PHI,ph,Tandikan Tri Team,M30-34,1740897990.00,03:24,03:24,17.66,02:07,02:07,28.42,28.42 km/hr,28.42 km/hr,00:13:07.068,00:13:07.068,00:36:20.773,00:36:29.457,,787.068,787.068,2180.773,2189.457,AG,,,,,,,4,11,5960.079,14.0,False
141,00:45:29.773,BIKE2,Bike 11 km,R39UHVYT,1027,Celso JR Ducao,6:55:39 am,1740869739.00,M,,PHI,ph,Tandikan Tri Team,M30-34,1740898539.00,03:02,03:15,19.78,01:54,02:01,31.84,31.84 km/hr,29.83 km/hr,00:22:16.068,00:09:09.00,00:45:29.773,00:45:38.457,,549.0,1336.068,2729.773,2738.457,AG,,,,,,,5,11,5960.079,14.0,False
142,01:04:59.096,BIKE,Bike Finish,R39UHVYT,1027,Celso JR Ducao,7:15:09 am,1740870908.323,M,,PHI,ph,Tandikan Tri Team,M30-34,1740899708.323,03:27,03:20,17.45,02:09,02:05,28.08,28.08 km/hr,29.01 km/hr,00:41:45.391,00:19:29.323,01:04:59.096,01:05:07.78,,1169.323,2505.391,3899.096,3907.78,AG,1.0,10.0,10.0,,,,6,11,5960.079,14.0,False
143,01:08:27.104,T2,Run Start,R39UHVYT,1027,Celso JR Ducao,7:18:37 am,1740871116.331,M,,PHI,ph,Tandikan Tri Team,M30-34,1740899916.331,04:55,04:55,12.23,03:03,03:03,19.68,03:03 min/km,03:03 min/km,00:03:28.008,00:03:28.008,01:08:27.104,01:08:35.788,,208.008,208.008,4107.104,4115.788,AG,3.0,10.0,12.0,,,,7,11,5960.079,14.0,False
144,01:11:35.773,RUN1,Run 0.4 km,R39UHVYT,1027,Celso JR Ducao,7:21:45 am,1740871305.00,M,,PHI,ph,Tandikan Tri Team,M30-34,1740900105.00,11:15,11:15,5.34,07:00,07:00,8.59,07:00 min/km,07:00 min/km,00:03:08.669,00:03:08.669,01:11:35.773,01:11:44.457,,188.669,188.669,4295.773,4304.457,AG,,,,,,,8,11,5960.079,14.0,False
145,01:23:51.773,RUN2,Run 2.3 km,R39UHVYT,1027,Celso JR Ducao,7:34:01 am,1740872041.00,M,,PHI,ph,Tandikan Tri Team,M30-34,1740900841.00,10:15,10:26,5.86,06:22,06:29,9.43,06:22 min/km,06:29 min/km,00:15:24.669,00:12:16.00,01:23:51.773,01:24:00.457,,736.0,924.669,5031.773,5040.457,AG,,,,,,,9,11,5960.079,14.0,False
146,01:36:28.773,RUN3,Run 4.3 km,R39UHVYT,1027,Celso JR Ducao,7:46:38 am,1740872798.00,M,,PHI,ph,Tandikan Tri Team,M30-34,1740901598.00,10:33,10:29,5.69,06:33,06:31,9.16,06:33 min/km,06:31 min/km,00:28:01.669,00:12:37.00,01:36:28.773,01:36:37.457,,757.0,1681.669,5788.773,5797.457,AG,,,,,,,10,11,5960.079,14.0,False
147,01:39:20.079,FINISH,Finish,R39UHVYT,1027,Celso JR Ducao,7:49:30 am,1740872969.306,M,,PHI,ph,Tandikan Tri Team,M30-34,1740901769.306,07:59,10:11,7.53,04:58,06:20,12.11,04:58 min/km,06:20 min/km,00:30:52.975,00:02:51.306,01:39:20.079,01:39:28.763,1,171.306,1852.975,5960.079,5968.763,AG,3.0,14.0,15.0,3.0,13.0,14.0,11,11,5960.079,14.0,False
148,00:00:00.00,START,Start,RUC6P9TR,1014,Lucienne Aragones,6:10:10 am,1740867009.29,F,1,PHI,ph,Army Navy South Tri,F15-19,1740895809.29,,,,,,,,,,,,,,0.0,0.0,0.0,0.0,AG,,,,,,,1,11,6254.063,15.0,False
149,00:15:46.867,SWIM,Swim Finish,RUC6P9TR,1014,Lucienne Aragones,6:25:57 am,1740867956.157,F,,PHI,ph,Army Navy South Tri,F15-19,1740896756.157,33:52,33:52,1.77,21:03,21:03,2.85,02:06 min/100m,02:06 min/100m,00:15:46.867,00:15:46.867,00:15:46.867,00:15:55.614,,946.867,946.867,946.867,955.614,AG,1.0,1.0,3.0,,,,2,11,6254.063,15.0,False
150,00:18:18.486,T1,Bike Start,RUC6P9TR,1014,Lucienne Aragones,6:28:28 am,1740868107.776,F,,PHI,ph,Army Navy South Tri,F15-19,1740896907.776,33:52,33:52,1.77,21:03,21:03,2.85,21:03 min/km,21:03 min/km,00:02:31.619,00:02:31.619,00:18:18.486,00:18:27.233,,151.619,151.619,1098.486,1107.233,AG,1.0,1.0,6.0,,,,3,11,6254.063,15.0,False
151,00:33:37.71,BIKE1,Bike 6 km,RUC6P9TR,1014,Lucienne Aragones,6:43:47 am,1740869027.00,F,,PHI,ph,Army Navy South Tri,F15-19,1740897827.00,03:59,03:59,15.12,02:28,02:28,24.34,24.34 km/hr,24.34 km/hr,00:15:19.224,00:15:19.224,00:33:37.71,00:33:46.457,,919.224,919.224,2017.71,2026.457,AG,,,,,,,4,11,6254.063,15.0,False
152,00:44:25.71,BIKE2,Bike 11 km,RUC6P9TR,1014,Lucienne Aragones,6:54:35 am,1740869675.00,F,,PHI,ph,Army Navy South Tri,F15-19,1740898475.00,03:35,03:48,16.76,02:14,02:22,26.97,26.97 km/hr,25.43 km/hr,00:26:07.224,00:10:48.00,00:44:25.71,00:44:34.457,,648.0,1567.224,2665.71,2674.457,AG,,,,,,,5,11,6254.063,15.0,False
153,01:07:16.943,BIKE,Bike Finish,RUC6P9TR,1014,Lucienne Aragones,7:17:27 am,1740871046.233,F,,PHI,ph,Army Navy South Tri,F15-19,1740899846.233,04:02,03:55,14.88,02:31,02:26,23.95,23.95 km/hr,24.74 km/hr,00:48:58.457,00:22:51.233,01:07:16.943,01:07:25.69,,1371.233,2938.457,4036.943,4045.69,AG,1.0,4.0,17.0,,,,6,11,6254.063,15.0,False
154,01:09:48.787,T2,Run Start,RUC6P9TR,1014,Lucienne Aragones,7:19:59 am,1740871198.077,F,,PHI,ph,Army Navy South Tri,F15-19,1740899998.077,05:05,05:05,11.81,03:10,03:10,19.01,03:10 min/km,03:10 min/km,00:02:31.844,00:02:31.844,01:09:48.787,01:09:57.534,,151.844,151.844,4188.787,4197.534,AG,1.0,1.0,5.0,,,,7,11,6254.063,15.0,False
155,01:12:58.71,RUN1,Run 0.4 km,RUC6P9TR,1014,Lucienne Aragones,7:23:08 am,1740871388.00,F,,PHI,ph,Army Navy South Tri,F15-19,1740900188.00,11:20,11:20,5.30,07:03,07:03,8.53,07:03 min/km,07:03 min/km,00:03:09.923,00:03:09.923,01:12:58.71,01:13:07.457,,189.923,189.923,4378.71,4387.457,AG,,,,,,,8,11,6254.063,15.0,False
156,01:26:49.71,RUN2,Run 2.3 km,RUC6P9TR,1014,Lucienne Aragones,7:36:59 am,1740872219.00,F,,PHI,ph,Army Navy South Tri,F15-19,1740901019.00,11:34,11:31,5.19,07:11,07:10,8.35,07:11 min/km,07:10 min/km,00:17:00.923,00:13:51.00,01:26:49.71,01:26:58.457,,831.0,1020.923,5209.71,5218.457,AG,,,,,,,9,11,6254.063,15.0,False
157,01:41:08.71,RUN3,Run 4.3 km,RUC6P9TR,1014,Lucienne Aragones,7:51:18 am,1740873078.00,F,,PHI,ph,Army Navy South Tri,F15-19,1740901878.00,11:58,11:43,5.02,07:26,07:17,8.07,07:26 min/km,07:17 min/km,00:31:19.923,00:14:19.00,01:41:08.71,01:41:17.457,,859.0,1879.923,6068.71,6077.457,AG,,,,,,,10,11,6254.063,15.0,False
158,01:44:14.063,FINISH,Finish,RUC6P9TR,1014,Lucienne Aragones,7:54:24 am,1740873263.353,F,,PHI,ph,Army Navy South Tri,F15-19,1740902063.353,08:38,11:21,6.96,05:22,07:04,11.19,05:22 min/km,07:04 min/km,00:34:25.276,00:03:05.353,01:44:14.063,01:44:22.81,1,185.353,2065.276,6254.063,6262.81,AG,1.0,6.0,21.0,1.0,2.0,15.0,11,11,6254.063,15.0,False
159,00:00:00.00,START,Start,RT5WRU9L,1022,Jommel Quiamco,6:10:15 am,1740867014.759,M,1,PHI,ph,Tandikan Tri Team,M35-39,1740895814.759,,,,,,,,,,,,,,0.0,0.0,0.0,0.0,AG,,,,,,,1,11,6724.926,16.0,False
160,00:22:00.043,SWIM,Swim Finish,RT5WRU9L,1022,Jommel Quiamco,6:32:15 am,1740868334.802,M,,PHI,ph,Tandikan Tri Team,M35-39,1740897134.802,47:13,47:13,1.27,29:21,29:21,2.05,02:56 min/100m,02:56 min/100m,00:22:00.043,00:22:00.043,00:22:00.043,00:22:14.259,,1320.043,1320.043,1320.043,1334.259,AG,3.0,14.0,17.0,,,,2,11,6724.926,16.0,False
161,00:27:23.033,T1,Bike Start,RT5WRU9L,1022,Jommel Quiamco,6:37:38 am,1740868657.792,M,,PHI,ph,Tandikan Tri Team,M35-39,1740897457.792,47:13,47:13,1.27,29:21,29:21,2.05,29:21 min/km,29:21 min/km,00:05:22.99,00:05:22.99,00:27:23.033,00:27:37.249,,322.99,322.99,1643.033,1657.249,AG,4.0,16.0,22.0,,,,3,11,6724.926,16.0,False
162,00:42:15.241,BIKE1,Bike 6 km,RT5WRU9L,1022,Jommel Quiamco,6:52:30 am,1740869550.00,M,,PHI,ph,Tandikan Tri Team,M35-39,1740898350.00,03:52,03:52,15.58,02:24,02:24,25.07,25.07 km/hr,25.07 km/hr,00:14:52.208,00:14:52.208,00:42:15.241,00:42:29.457,,892.208,892.208,2535.241,2549.457,AG,,,,,,,4,11,6724.926,16.0,False
163,00:52:32.241,BIKE2,Bike 11 km,RT5WRU9L,1022,Jommel Quiamco,7:02:47 am,1740870167.00,M,,PHI,ph,Tandikan Tri Team,M35-39,1740898967.00,03:25,03:40,17.60,02:08,02:17,28.33,28.33 km/hr,26.41 km/hr,00:25:09.208,00:10:17.00,00:52:32.241,00:52:46.457,,617.0,1509.208,3152.241,3166.457,AG,,,,,,,5,11,6724.926,16.0,False
164,01:15:39.353,BIKE,Bike Finish,RT5WRU9L,1022,Jommel Quiamco,7:25:55 am,1740871554.112,M,,PHI,ph,Tandikan Tri Team,M35-39,1740900354.112,04:05,03:51,14.71,02:33,02:24,23.67,23.67 km/hr,25.10 km/hr,00:48:16.32,00:23:07.112,01:15:39.353,01:15:53.569,,1387.112,2896.32,4539.353,4553.569,AG,3.0,13.0,16.0,,,,6,11,6724.926,16.0,False
165,01:20:28.338,T2,Run Start,RT5WRU9L,1022,Jommel Quiamco,7:30:44 am,1740871843.097,M,,PHI,ph,Tandikan Tri Team,M35-39,1740900643.097,05:43,05:43,10.50,03:33,03:33,16.90,03:33 min/km,03:33 min/km,00:04:48.985,00:04:48.985,01:20:28.338,01:20:42.554,,288.985,288.985,4828.338,4842.554,AG,3.0,16.0,22.0,,,,7,11,6724.926,16.0,False
166,01:24:17.241,RUN1,Run 0.4 km,RT5WRU9L,1022,Jommel Quiamco,7:34:32 am,1740872072.00,M,,PHI,ph,Tandikan Tri Team,M35-39,1740900872.00,13:39,13:39,4.40,08:29,08:29,7.08,08:29 min/km,08:29 min/km,00:03:48.903,00:03:48.903,01:24:17.241,01:24:31.457,,228.903,228.903,5057.241,5071.457,AG,,,,,,,8,11,6724.926,16.0,False
167,01:36:25.241,RUN2,Run 2.3 km,RT5WRU9L,1022,Jommel Quiamco,7:46:40 am,1740872800.00,M,,PHI,ph,Tandikan Tri Team,M35-39,1740901600.00,10:08,10:48,5.92,06:18,06:43,9.53,06:18 min/km,06:43 min/km,00:15:56.903,00:12:08.00,01:36:25.241,01:36:39.457,,728.0,956.903,5785.241,5799.457,AG,,,,,,,9,11,6724.926,16.0,False
168,01:49:12.241,RUN3,Run 4.3 km,RT5WRU9L,1022,Jommel Quiamco,7:59:27 am,1740873567.00,M,,PHI,ph,Tandikan Tri Team,M35-39,1740902367.00,10:41,10:45,5.62,06:39,06:41,9.04,06:39 min/km,06:41 min/km,00:28:43.903,00:12:47.00,01:49:12.241,01:49:26.457,,767.0,1723.903,6552.241,6566.457,AG,,,,,,,10,11,6724.926,16.0,False
169,01:52:04.926,FINISH,Finish,RT5WRU9L,1022,Jommel Quiamco,8:02:20 am,1740873739.685,M,,PHI,ph,Tandikan Tri Team,M35-39,1740902539.685,08:03,10:26,7.47,05:00,06:29,12.01,05:00 min/km,06:29 min/km,00:31:36.588,00:02:52.685,01:52:04.926,01:52:19.142,1,172.685,1896.588,6724.926,6739.142,AG,3.0,15.0,18.0,3.0,14.0,16.0,11,11,6724.926,16.0,False
170,00:00:00.00,START,Start,R5E3WMHY,1007,Princess Kedtag,6:10:31 am,1740867030.098,F,1,PHI,ph,Black Cat Tri,F35-39,1740895830.098,,,,,,,,,,,,,,0.0,0.0,0.0,0.0,AG,,,,,,,1,11,6736.051,17.0,False
171,00:24:23.313,SWIM,Swim Finish,R5E3WMHY,1007,Princess Kedtag,6:34:54 am,1740868493.411,F,,PHI,ph,Black Cat Tri,F35-39,1740897293.411,52:21,52:21,1.15,32:32,32:32,1.85,03:15 min/100m,03:15 min/100m,00:24:23.313,00:24:23.313,00:24:23.313,00:24:52.868,,1463.313,1463.313,1463.313,1492.868,AG,1.0,5.0,20.0,,,,2,11,6736.051,17.0,False
172,00:29:48.897,T1,Bike Start,R5E3WMHY,1007,Princess Kedtag,6:40:19 am,1740868818.995,F,,PHI,ph,Black Cat Tri,F35-39,1740897618.995,52:21,52:21,1.15,32:32,32:32,1.85,32:32 min/km,32:32 min/km,00:05:25.584,00:05:25.584,00:29:48.897,00:30:18.452,,325.584,325.584,1788.897,1818.452,AG,1.0,7.0,23.0,,,,3,11,6736.051,17.0,False
173,00:55:04.902,BIKE2,Bike 11 km,R5E3WMHY,1007,Princess Kedtag,7:05:35 am,1740870335.00,F,,PHI,ph,Black Cat Tri,F35-39,1740899135.00,03:41,03:41,16.33,02:17,02:17,26.29,26.29 km/hr,26.29 km/hr,00:25:16.005,00:25:16.005,00:55:04.902,00:55:34.457,,1516.005,1516.005,3304.902,3334.457,AG,,,,,,,5,11,6736.051,17.0,False
174,01:17:09.377,BIKE,Bike Finish,R5E3WMHY,1007,Princess Kedtag,7:27:40 am,1740871659.475,F,,PHI,ph,Black Cat Tri,F35-39,1740900459.475,03:54,03:47,15.41,02:26,02:21,24.79,24.79 km/hr,25.59 km/hr,00:47:20.48,00:22:04.475,01:17:09.377,01:17:38.932,,1324.475,2840.48,4629.377,4658.932,AG,1.0,2.0,14.0,,,,6,11,6736.051,17.0,False
175,01:21:19.37,T2,Run Start,R5E3WMHY,1007,Princess Kedtag,7:31:50 am,1740871909.468,F,,PHI,ph,Black Cat Tri,F35-39,1740900709.468,05:50,05:50,10.30,03:38,03:38,16.57,03:38 min/km,03:38 min/km,00:04:09.993,00:04:09.993,01:21:19.37,01:21:48.925,,249.993,249.993,4879.37,4908.925,AG,1.0,5.0,18.0,,,,7,11,6736.051,17.0,False
176,01:24:27.902,RUN1,Run 0.4 km,R5E3WMHY,1007,Princess Kedtag,7:34:58 am,1740872098.00,F,,PHI,ph,Black Cat Tri,F35-39,1740900898.00,11:15,11:15,5.34,06:59,06:59,8.59,06:59 min/km,06:59 min/km,00:03:08.532,00:03:08.532,01:24:27.902,01:24:57.457,,188.532,188.532,5067.902,5097.457,AG,,,,,,,8,11,6736.051,17.0,False
177,01:36:26.902,RUN2,Run 2.3 km,R5E3WMHY,1007,Princess Kedtag,7:46:57 am,1740872817.00,F,,PHI,ph,Black Cat Tri,F35-39,1740901617.00,10:01,10:15,6.00,06:13,06:22,9.65,06:13 min/km,06:22 min/km,00:15:07.532,00:11:59.00,01:36:26.902,01:36:56.457,,719.0,907.532,5786.902,5816.457,AG,,,,,,,9,11,6736.051,17.0,False
178,01:49:06.902,RUN3,Run 4.3 km,R5E3WMHY,1007,Princess Kedtag,7:59:37 am,1740873577.00,F,,PHI,ph,Black Cat Tri,F35-39,1740902377.00,10:35,10:24,5.67,06:35,06:28,9.13,06:35 min/km,06:28 min/km,00:27:47.532,00:12:40.00,01:49:06.902,01:49:36.457,,760.0,1667.532,6546.902,6576.457,AG,,,,,,,10,11,6736.051,17.0,False
179,01:52:16.051,FINISH,Finish,R5E3WMHY,1007,Princess Kedtag,8:02:47 am,1740873766.149,F,,PHI,ph,Black Cat Tri,F35-39,1740902566.149,08:49,10:13,6.82,05:29,06:21,10.97,05:29 min/km,06:21 min/km,00:30:56.681,00:03:09.149,01:52:16.051,01:52:45.606,1,189.149,1856.681,6736.051,6765.606,AG,1.0,2.0,16.0,1.0,3.0,17.0,11,11,6736.051,17.0,False
180,00:00:00.00,START,Start,R8AL2GVM,1005,Mariette Scoop,6:10:25 am,1740867024.079,F,1,THA,th,,F60-64,1740895824.079,,,,,,,,,,,,,,0.0,0.0,0.0,0.0,AG,,,,,,,1,11,6936.168,18.0,False
181,00:20:31.766,SWIM,Swim Finish,R8AL2GVM,1005,Mariette Scoop,6:30:56 am,1740868255.845,F,,THA,th,,F60-64,1740897055.845,44:04,44:04,1.36,27:23,27:23,2.19,02:44 min/100m,02:44 min/100m,00:20:31.766,00:20:31.766,00:20:31.766,00:20:55.302,,1231.766,1231.766,1231.766,1255.302,AG,1.0,2.0,12.0,,,,2,11,6936.168,18.0,False
182,00:24:41.478,T1,Bike Start,R8AL2GVM,1005,Mariette Scoop,6:35:06 am,1740868505.557,F,,THA,th,,F60-64,1740897305.557,44:04,44:04,1.36,27:23,27:23,2.19,27:23 min/km,27:23 min/km,00:04:09.712,00:04:09.712,00:24:41.478,00:25:05.014,,249.712,249.712,1481.478,1505.014,AG,1.0,5.0,20.0,,,,3,11,6936.168,18.0,False
183,00:39:46.921,BIKE1,Bike 6 km,R8AL2GVM,1005,Mariette Scoop,6:50:11 am,1740869411.00,F,,THA,th,,F60-64,1740898211.00,03:55,03:55,15.35,02:26,02:26,24.71,24.71 km/hr,24.71 km/hr,00:15:05.443,00:15:05.443,00:39:46.921,00:40:10.457,,905.443,905.443,2386.921,2410.457,AG,,,,,,,4,11,6936.168,18.0,False
184,00:50:33.921,BIKE2,Bike 11 km,R8AL2GVM,1005,Mariette Scoop,7:00:58 am,1740870058.00,F,,THA,th,,F60-64,1740898858.00,03:35,03:46,16.79,02:14,02:21,27.02,27.02 km/hr,25.67 km/hr,00:25:52.443,00:10:47.00,00:50:33.921,00:50:57.457,,647.0,1552.443,3033.921,3057.457,AG,,,,,,,5,11,6936.168,18.0,False
185,01:14:22.775,BIKE,Bike Finish,R8AL2GVM,1005,Mariette Scoop,7:24:47 am,1740871486.854,F,,THA,th,,F60-64,1740900286.854,04:13,03:58,14.28,02:37,02:28,22.98,22.98 km/hr,24.38 km/hr,00:49:41.297,00:23:48.854,01:14:22.775,01:14:46.311,,1428.854,2981.297,4462.775,4486.311,AG,1.0,5.0,18.0,,,,6,11,6936.168,18.0,False
186,01:18:42.40,T2,Run Start,R8AL2GVM,1005,Mariette Scoop,7:29:07 am,1740871746.479,F,,THA,th,,F60-64,1740900546.479,05:37,05:37,10.68,03:30,03:30,17.19,03:30 min/km,03:30 min/km,00:04:19.625,00:04:19.625,01:18:42.40,01:19:05.936,,259.625,259.625,4722.4,4745.936,AG,1.0,6.0,19.0,,,,7,11,6936.168,18.0,False
187,01:22:07.921,RUN1,Run 0.4 km,R8AL2GVM,1005,Mariette Scoop,7:32:32 am,1740871952.00,F,,THA,th,,F60-64,1740900752.00,12:16,12:16,4.90,07:37,07:37,7.88,07:37 min/km,07:37 min/km,00:03:25.521,00:03:25.521,01:22:07.921,01:22:31.457,,205.521,205.521,4927.921,4951.457,AG,,,,,,,8,11,6936.168,18.0,False
188,01:36:01.921,RUN2,Run 2.3 km,R8AL2GVM,1005,Mariette Scoop,7:46:26 am,1740872786.00,F,,THA,th,,F60-64,1740901586.00,11:37,11:44,5.17,07:13,07:18,8.32,07:13 min/km,07:18 min/km,00:17:19.521,00:13:54.00,01:36:01.921,01:36:25.457,,834.0,1039.521,5761.921,5785.457,AG,,,,,,,9,11,6936.168,18.0,False
189,01:52:07.921,RUN3,Run 4.3 km,R8AL2GVM,1005,Mariette Scoop,8:02:32 am,1740873752.00,F,,THA,th,,F60-64,1740902552.00,13:27,12:30,4.46,08:22,07:46,7.18,08:22 min/km,07:46 min/km,00:33:25.521,00:16:06.00,01:52:07.921,01:52:31.457,,966.0,2005.521,6727.921,6751.457,AG,,,,,,,10,11,6936.168,18.0,False
190,01:55:36.168,FINISH,Finish,R8AL2GVM,1005,Mariette Scoop,8:06:01 am,1740873960.247,F,,THA,th,,F60-64,1740902760.247,09:42,12:10,6.19,06:02,07:34,9.96,06:02 min/km,07:34 min/km,00:36:53.768,00:03:28.247,01:55:36.168,01:55:59.704,1,208.247,2213.768,6936.168,6959.704,AG,1.0,7.0,22.0,1.0,4.0,18.0,11,11,6936.168,18.0,False
191,00:00:00.00,START,Start,RXG9HS6P,1025,Nerza Marie del Rosario,6:10:20 am,1740867019.22,F,1,PHI,ph,FIT PH,F50-54,1740895819.22,,,,,,,,,,,,,,0.0,0.0,0.0,0.0,AG,,,,,,,1,11,7086.472,19.0,False
192,00:23:04.062,SWIM,Swim Finish,RXG9HS6P,1025,Nerza Marie del Rosario,6:33:24 am,1740868403.282,F,,PHI,ph,FIT PH,F50-54,1740897203.282,49:31,49:31,1.21,30:46,30:46,1.95,03:05 min/100m,03:05 min/100m,00:23:04.062,00:23:04.062,00:23:04.062,00:23:22.739,,1384.062,1384.062,1384.062,1402.739,AG,1.0,4.0,19.0,,,,2,11,7086.472,19.0,False
193,00:27:47.974,T1,Bike Start,RXG9HS6P,1025,Nerza Marie del Rosario,6:38:08 am,1740868687.194,F,,PHI,ph,FIT PH,F50-54,1740897487.194,49:31,49:31,1.21,30:46,30:46,1.95,30:46 min/km,30:46 min/km,00:04:43.912,00:04:43.912,00:27:47.974,00:28:06.651,,283.912,283.912,1667.974,1686.651,AG,2.0,6.0,21.0,,,,3,11,7086.472,19.0,False
194,00:42:36.78,BIKE1,Bike 6 km,RXG9HS6P,1025,Nerza Marie del Rosario,6:52:56 am,1740869576.00,F,,PHI,ph,FIT PH,F50-54,1740898376.00,03:51,03:51,15.64,02:24,02:24,25.17,25.17 km/hr,25.17 km/hr,00:14:48.806,00:14:48.806,00:42:36.78,00:42:55.457,,888.806,888.806,2556.78,2575.457,AG,,,,,,,4,11,7086.472,19.0,False
195,00:53:22.78,BIKE2,Bike 11 km,RXG9HS6P,1025,Nerza Marie del Rosario,7:03:42 am,1740870222.00,F,,PHI,ph,FIT PH,F50-54,1740899022.00,03:35,03:44,16.81,02:14,02:19,27.06,27.06 km/hr,25.96 km/hr,00:25:34.806,00:10:46.00,00:53:22.78,00:53:41.457,,646.0,1534.806,3202.78,3221.457,AG,,,,,,,5,11,7086.472,19.0,False
196,01:15:53.021,BIKE,Bike Finish,RXG9HS6P,1025,Nerza Marie del Rosario,7:26:13 am,1740871572.241,F,,PHI,ph,FIT PH,F50-54,1740900372.241,03:59,03:50,15.11,02:29,02:23,24.32,24.32 km/hr,25.19 km/hr,00:48:05.047,00:22:30.241,01:15:53.021,01:16:11.698,,1350.241,2885.047,4553.021,4571.698,AG,1.0,3.0,15.0,,,,6,11,7086.472,19.0,False
197,01:20:43.673,T2,Run Start,RXG9HS6P,1025,Nerza Marie del Rosario,7:31:03 am,1740871862.893,F,,PHI,ph,FIT PH,F50-54,1740900662.893,05:44,05:44,10.47,03:34,03:34,16.85,03:34 min/km,03:34 min/km,00:04:50.652,00:04:50.652,01:20:43.673,01:21:02.35,,290.652,290.652,4843.673,4862.35,AG,2.0,7.0,24.0,,,,7,11,7086.472,19.0,False
198,01:24:33.78,RUN1,Run 0.4 km,RXG9HS6P,1025,Nerza Marie del Rosario,7:34:53 am,1740872093.00,F,,PHI,ph,FIT PH,F50-54,1740900893.00,13:43,13:43,4.37,08:32,08:32,7.04,08:32 min/km,08:32 min/km,00:03:50.107,00:03:50.107,01:24:33.78,01:24:52.457,,230.107,230.107,5073.78,5092.457,AG,,,,,,,8,11,7086.472,19.0,False
199,01:38:58.78,RUN2,Run 2.3 km,RXG9HS6P,1025,Nerza Marie del Rosario,7:49:18 am,1740872958.00,F,,PHI,ph,FIT PH,F50-54,1740901758.00,12:02,12:22,4.99,07:29,07:41,8.02,07:29 min/km,07:41 min/km,00:18:15.107,00:14:25.00,01:38:58.78,01:39:17.457,,865.0,1095.107,5938.78,5957.457,AG,,,,,,,9,11,7086.472,19.0,False
200,01:54:19.78,RUN3,Run 4.3 km,RXG9HS6P,1025,Nerza Marie del Rosario,8:04:39 am,1740873879.00,F,,PHI,ph,FIT PH,F50-54,1740902679.00,12:50,12:34,4.68,07:59,07:49,7.53,07:59 min/km,07:49 min/km,00:33:36.107,00:15:21.00,01:54:19.78,01:54:38.457,,921.0,2016.107,6859.78,6878.457,AG,,,,,,,10,11,7086.472,19.0,False
201,01:58:06.472,FINISH,Finish,RXG9HS6P,1025,Nerza Marie del Rosario,8:08:26 am,1740874105.692,F,,PHI,ph,FIT PH,F50-54,1740902905.692,10:34,12:20,5.69,06:34,07:40,9.15,06:34 min/km,07:40 min/km,00:37:22.799,00:03:46.692,01:58:06.472,01:58:25.149,1,226.692,2242.799,7086.472,7105.149,AG,2.0,8.0,23.0,1.0,5.0,19.0,11,11,7086.472,19.0,False
202,00:00:00.00,START,Start,R7HWCS2B,1023,Thomas Battersby,6:10:30 am,1740867029.329,M,1,GBR,gb,Chief Chong,M25-29,1740895829.329,,,,,,,,,,,,,,0.0,0.0,0.0,0.0,AG,,,,,,,1,11,7096.629,20.0,False
203,00:29:53.016,SWIM,Swim Finish,R7HWCS2B,1023,Thomas Battersby,6:40:23 am,1740868822.345,M,,GBR,gb,Chief Chong,M25-29,1740897622.345,01:04:08,01:04:08,0.94,39:51,39:51,1.51,03:59 min/100m,03:59 min/100m,00:29:53.016,00:29:53.016,00:29:53.016,00:30:21.802,,1793.016,1793.016,1793.016,1821.802,AG,3.0,18.0,26.0,,,,2,11,7096.629,20.0,False
204,00:33:22.967,T1,Bike Start,R7HWCS2B,1023,Thomas Battersby,6:43:53 am,1740869032.296,M,,GBR,gb,Chief Chong,M25-29,1740897832.296,01:04:08,01:04:08,0.94,39:51,39:51,1.51,39:51 min/km,39:51 min/km,00:03:29.951,00:03:29.951,00:33:22.967,00:33:51.753,,209.951,209.951,2002.967,2031.753,AG,3.0,12.0,14.0,,,,3,11,7096.629,20.0,False
205,00:51:51.671,BIKE1,Bike 6 km,R7HWCS2B,1023,Thomas Battersby,7:02:21 am,1740870141.00,M,,GBR,gb,Chief Chong,M25-29,1740898941.00,04:48,04:48,12.54,02:59,02:59,20.18,20.18 km/hr,20.18 km/hr,00:18:28.704,00:18:28.704,00:51:51.671,00:52:20.457,,1108.704,1108.704,3111.671,3140.457,AG,,,,,,,4,11,7096.629,20.0,False
206,01:04:41.671,BIKE2,Bike 11 km,R7HWCS2B,1023,Thomas Battersby,7:15:11 am,1740870911.00,M,,GBR,gb,Chief Chong,M25-29,1740899711.00,04:16,04:34,14.11,02:39,02:50,22.70,22.70 km/hr,21.21 km/hr,00:31:18.704,00:12:50.00,01:04:41.671,01:05:10.457,,770.0,1878.704,3881.671,3910.457,AG,,,,,,,5,11,7096.629,20.0,False
207,01:30:31.631,BIKE,Bike Finish,R7HWCS2B,1023,Thomas Battersby,7:41:01 am,1740872460.96,M,,GBR,gb,Chief Chong,M25-29,1740901260.96,04:34,04:34,13.16,02:50,02:50,21.19,21.19 km/hr,21.20 km/hr,00:57:08.664,00:25:49.96,01:30:31.631,01:31:00.417,,1549.96,3428.664,5431.631,5460.417,AG,3.0,18.0,25.0,,,,6,11,7096.629,20.0,False
208,01:35:10.814,T2,Run Start,R7HWCS2B,1023,Thomas Battersby,7:45:41 am,1740872740.143,M,,GBR,gb,Chief Chong,M25-29,1740901540.143,06:51,06:51,8.78,04:15,04:15,14.13,04:15 min/km,04:15 min/km,00:04:39.183,00:04:39.183,01:35:10.814,01:35:39.60,,279.183,279.183,5710.814,5739.6,AG,3.0,15.0,21.0,,,,7,11,7096.629,20.0,False
209,01:37:07.671,RUN1,Run 0.4 km,R7HWCS2B,1023,Thomas Battersby,7:47:37 am,1740872857.00,M,,GBR,gb,Chief Chong,M25-29,1740901657.00,06:58,06:58,8.61,04:20,04:20,13.86,04:20 min/km,04:20 min/km,00:01:56.857,00:01:56.857,01:37:07.671,01:37:36.457,,116.857,116.857,5827.671,5856.457,AG,,,,,,,8,11,7096.629,20.0,False
210,01:46:01.671,RUN2,Run 2.3 km,R7HWCS2B,1023,Thomas Battersby,7:56:31 am,1740873391.00,M,,GBR,gb,Chief Chong,M25-29,1740902191.00,07:26,07:21,8.08,04:37,04:34,13.00,04:37 min/km,04:34 min/km,00:10:50.857,00:08:54.00,01:46:01.671,01:46:30.457,,534.0,650.857,6361.671,6390.457,AG,,,,,,,9,11,7096.629,20.0,False
211,01:55:46.671,RUN3,Run 4.3 km,R7HWCS2B,1023,Thomas Battersby,8:06:16 am,1740873976.00,M,,GBR,gb,Chief Chong,M25-29,1740902776.00,08:09,07:43,7.37,05:04,04:48,11.86,05:04 min/km,04:48 min/km,00:20:35.857,00:09:45.00,01:55:46.671,01:56:15.457,,585.0,1235.857,6946.671,6975.457,AG,,,,,,,10,11,7096.629,20.0,False
212,01:58:16.629,FINISH,Finish,R7HWCS2B,1023,Thomas Battersby,8:08:46 am,1740874125.958,M,,GBR,gb,Chief Chong,M25-29,1740902925.958,06:59,07:37,8.60,04:21,04:44,13.83,04:21 min/km,04:44 min/km,00:23:05.815,00:02:29.958,01:58:16.629,01:58:45.415,1,149.958,1385.815,7096.629,7125.415,AG,2.0,4.0,4.0,3.0,15.0,20.0,11,11,7096.629,20.0,False
213,00:00:00.00,START,Start,RBVNL2AH,1011,Sheila Tan,6:10:30 am,1740867029.766,F,1,PHI,ph,Black cat tri,F50-54,1740895829.766,,,,,,,,,,,,,,0.0,0.0,0.0,0.0,AG,,,,,,,1,11,7148.391,21.0,False
214,00:25:21.496,SWIM,Swim Finish,RBVNL2AH,1011,Sheila Tan,6:35:52 am,1740868551.262,F,,PHI,ph,Black cat tri,F50-54,1740897351.262,54:26,54:26,1.10,33:49,33:49,1.77,03:23 min/100m,03:23 min/100m,00:25:21.496,00:25:21.496,00:25:21.496,00:25:50.719,,1521.496,1521.496,1521.496,1550.719,AG,2.0,6.0,22.0,,,,2,11,7148.391,21.0,False
215,00:29:14.256,T1,Bike Start,RBVNL2AH,1011,Sheila Tan,6:39:45 am,1740868784.022,F,,PHI,ph,Black cat tri,F50-54,1740897584.022,54:26,54:26,1.10,33:49,33:49,1.77,33:49 min/km,33:49 min/km,00:03:52.76,00:03:52.76,00:29:14.256,00:29:43.479,,232.76,232.76,1754.256,1783.479,AG,1.0,4.0,17.0,,,,3,11,7148.391,21.0,False
216,00:46:10.234,BIKE1,Bike 6 km,RBVNL2AH,1011,Sheila Tan,6:56:40 am,1740869800.00,F,,PHI,ph,Black cat tri,F50-54,1740898600.00,04:24,04:24,13.68,02:44,02:44,22.02,22.02 km/hr,22.02 km/hr,00:16:55.978,00:16:55.978,00:46:10.234,00:46:39.457,,1015.978,1015.978,2770.234,2799.457,AG,,,,,,,4,11,7148.391,21.0,False
217,00:57:57.234,BIKE2,Bike 11 km,RBVNL2AH,1011,Sheila Tan,7:08:27 am,1740870507.00,F,,PHI,ph,Black cat tri,F50-54,1740899307.00,03:55,04:11,15.36,02:26,02:36,24.72,24.72 km/hr,23.13 km/hr,00:28:42.978,00:11:47.00,00:57:57.234,00:58:26.457,,707.0,1722.978,3477.234,3506.457,AG,,,,,,,5,11,7148.391,21.0,False
218,01:24:05.233,BIKE,Bike Finish,RBVNL2AH,1011,Sheila Tan,7:34:35 am,1740872074.999,F,,PHI,ph,Black cat tri,F50-54,1740900874.999,04:37,04:23,13.01,02:52,02:43,20.94,20.94 km/hr,22.09 km/hr,00:54:50.977,00:26:07.999,01:24:05.233,01:24:34.456,,1567.999,3290.977,5045.233,5074.456,AG,2.0,7.0,24.0,,,,6,11,7148.391,21.0,False
219,01:27:57.034,T2,Run Start,RBVNL2AH,1011,Sheila Tan,7:38:27 am,1740872306.80,F,,PHI,ph,Black cat tri,F50-54,1740901106.80,06:21,06:21,9.45,03:57,03:57,15.21,03:57 min/km,03:57 min/km,00:03:51.801,00:03:51.801,01:27:57.034,01:28:26.257,,231.801,231.801,5277.034,5306.257,AG,1.0,4.0,16.0,,,,7,11,7148.391,21.0,False
220,01:30:58.234,RUN1,Run 0.4 km,RBVNL2AH,1011,Sheila Tan,7:41:28 am,1740872488.00,F,,PHI,ph,Black cat tri,F50-54,1740901288.00,10:49,10:49,5.55,06:43,06:43,8.94,06:43 min/km,06:43 min/km,00:03:01.20,00:03:01.20,01:30:58.234,01:31:27.457,,181.2,181.2,5458.234,5487.457,AG,,,,,,,8,11,7148.391,21.0,False
221,01:43:33.234,RUN2,Run 2.3 km,RBVNL2AH,1011,Sheila Tan,7:54:03 am,1740873243.00,F,,PHI,ph,Black cat tri,F50-54,1740902043.00,10:31,10:34,5.71,06:32,06:34,9.19,06:32 min/km,06:34 min/km,00:15:36.20,00:12:35.00,01:43:33.234,01:44:02.457,,755.0,936.2,6213.234,6242.457,AG,,,,,,,9,11,7148.391,21.0,False
222,01:56:10.234,RUN3,Run 4.3 km,RBVNL2AH,1011,Sheila Tan,8:06:40 am,1740874000.00,F,,PHI,ph,Black cat tri,F50-54,1740902800.00,10:33,10:34,5.69,06:33,06:34,9.16,06:33 min/km,06:34 min/km,00:28:13.20,00:12:37.00,01:56:10.234,01:56:39.457,,757.0,1693.2,6970.234,6999.457,AG,,,,,,,10,11,7148.391,21.0,False
223,01:59:08.391,FINISH,Finish,RBVNL2AH,1011,Sheila Tan,8:09:39 am,1740874178.157,F,,PHI,ph,Black cat tri,F50-54,1740902978.157,08:18,10:18,7.24,05:10,06:24,11.65,05:10 min/km,06:24 min/km,00:31:11.357,00:02:58.157,01:59:08.391,01:59:37.614,1,178.157,1871.357,7148.391,7177.614,AG,1.0,3.0,17.0,2.0,6.0,21.0,11,11,7148.391,21.0,False
224,00:00:00.00,START,Start,R96LG3X5,1016,Allison Guitche,6:10:15 am,1740867014.684,M,1,PHI,ph,,M40-44,1740895814.684,,,,,,,,,,,,,,0.0,0.0,0.0,0.0,AG,,,,,,,1,11,7262.208,22.0,False
225,00:22:41.453,SWIM,Swim Finish,R96LG3X5,1016,Allison Guitche,6:32:57 am,1740868376.137,M,,PHI,ph,,M40-44,1740897176.137,48:42,48:42,1.23,30:16,30:16,1.98,03:02 min/100m,03:02 min/100m,00:22:41.453,00:22:41.453,00:22:41.453,00:22:55.594,,1361.453,1361.453,1361.453,1375.594,AG,2.0,15.0,18.0,,,,2,11,7262.208,22.0,False
226,00:28:21.299,T1,Bike Start,R96LG3X5,1016,Allison Guitche,6:38:36 am,1740868715.983,M,,PHI,ph,,M40-44,1740897515.983,48:42,48:42,1.23,30:16,30:16,1.98,30:16 min/km,30:16 min/km,00:05:39.846,00:05:39.846,00:28:21.299,00:28:35.44,,339.846,339.846,1701.299,1715.44,AG,2.0,18.0,25.0,,,,3,11,7262.208,22.0,False
227,00:55:00.316,BIKE2,Bike 11 km,R96LG3X5,1016,Allison Guitche,7:05:15 am,1740870315.00,M,,PHI,ph,,M40-44,1740899115.00,03:53,03:53,15.49,02:25,02:25,24.92,24.92 km/hr,24.92 km/hr,00:26:39.017,00:26:39.017,00:55:00.316,00:55:14.457,,1599.017,1599.017,3300.316,3314.457,AG,,,,,,,5,11,7262.208,22.0,False
228,01:18:47.045,BIKE,Bike Finish,R96LG3X5,1016,Allison Guitche,7:29:02 am,1740871741.729,M,,PHI,ph,,M40-44,1740900541.729,04:12,04:02,14.30,02:37,02:30,23.01,23.01 km/hr,24.02 km/hr,00:50:25.746,00:23:46.729,01:18:47.045,01:19:01.186,,1426.729,3025.746,4727.045,4741.186,AG,2.0,15.0,20.0,,,,6,11,7262.208,22.0,False
229,01:23:22.276,T2,Run Start,R96LG3X5,1016,Allison Guitche,7:33:37 am,1740872016.96,M,,PHI,ph,,M40-44,1740900816.96,05:57,05:57,10.09,03:42,03:42,16.23,03:42 min/km,03:42 min/km,00:04:35.231,00:04:35.231,01:23:22.276,01:23:36.417,,275.231,275.231,5002.276,5016.417,AG,2.0,14.0,20.0,,,,7,11,7262.208,22.0,False
230,01:26:48.316,RUN1,Run 0.4 km,R96LG3X5,1016,Allison Guitche,7:37:03 am,1740872223.00,M,,PHI,ph,,M40-44,1740901023.00,12:17,12:17,4.89,07:38,07:38,7.86,07:38 min/km,07:38 min/km,00:03:26.04,00:03:26.04,01:26:48.316,01:27:02.457,,206.04,206.04,5208.316,5222.457,AG,,,,,,,8,11,7262.208,22.0,False
231,01:41:24.316,RUN2,Run 2.3 km,R96LG3X5,1016,Allison Guitche,7:51:39 am,1740873099.00,M,,PHI,ph,,M40-44,1740901899.00,12:12,12:13,4.92,07:35,07:35,7.92,07:35 min/km,07:35 min/km,00:18:02.04,00:14:36.00,01:41:24.316,01:41:38.457,,876.0,1082.04,6084.316,6098.457,AG,,,,,,,9,11,7262.208,22.0,False
232,01:57:06.316,RUN3,Run 4.3 km,R96LG3X5,1016,Allison Guitche,8:07:21 am,1740874041.00,M,,PHI,ph,,M40-44,1740902841.00,13:07,12:37,4.57,08:09,07:51,7.36,08:09 min/km,07:51 min/km,00:33:44.04,00:15:42.00,01:57:06.316,01:57:20.457,,942.0,2024.04,7026.316,7040.457,AG,,,,,,,10,11,7262.208,22.0,False
233,02:01:02.208,FINISH,Finish,R96LG3X5,1016,Allison Guitche,8:11:17 am,1740874276.892,M,,PHI,ph,,M40-44,1740903076.892,10:59,12:26,5.47,06:50,07:44,8.80,06:50 min/km,07:44 min/km,00:37:39.932,00:03:55.892,02:01:02.208,02:01:16.349,1,235.892,2259.932,7262.208,7276.349,AG,2.0,17.0,25.0,2.0,16.0,22.0,11,11,7262.208,22.0,False
234,00:00:00.00,START,Start,RB7WLUSV,1029,Humaynon Lorie,6:10:31 am,1740867030.204,F,1,PHI,ph,,F45-49,1740895830.204,,,,,,,,,,,,,,0.0,0.0,0.0,0.0,AG,,,,,,,1,11,7369.941,23.0,False
235,00:32:16.211,SWIM,Swim Finish,RB7WLUSV,1029,Humaynon Lorie,6:42:47 am,1740868966.415,F,,PHI,ph,,F45-49,1740897766.415,01:09:15,01:09:15,0.87,43:02,43:02,1.39,04:18 min/100m,04:18 min/100m,00:32:16.211,00:32:16.211,00:32:16.211,00:32:45.872,,1936.211,1936.211,1936.211,1965.872,AG,2.0,9.0,28.0,,,,2,11,7369.941,23.0,False
236,00:35:59.572,T1,Bike Start,RB7WLUSV,1029,Humaynon Lorie,6:46:30 am,1740869189.776,F,,PHI,ph,,F45-49,1740897989.776,01:09:15,01:09:15,0.87,43:02,43:02,1.39,43:02 min/km,43:02 min/km,00:03:43.361,00:03:43.361,00:35:59.572,00:36:29.233,,223.361,223.361,2159.572,2189.233,AG,1.0,3.0,16.0,,,,3,11,7369.941,23.0,False
237,01:02:51.796,BIKE2,Bike 11 km,RB7WLUSV,1029,Humaynon Lorie,7:13:22 am,1740870802.00,F,,PHI,ph,,F45-49,1740899602.00,03:55,03:55,15.36,02:26,02:26,24.72,24.72 km/hr,24.72 km/hr,00:26:52.224,00:26:52.224,01:02:51.796,01:03:21.457,,1612.224,1612.224,3771.796,3801.457,AG,,,,,,,5,11,7369.941,23.0,False
238,01:27:10.201,BIKE,Bike Finish,RB7WLUSV,1029,Humaynon Lorie,7:37:41 am,1740872260.405,F,,PHI,ph,,F45-49,1740901060.405,04:18,04:05,13.99,02:40,02:33,22.52,22.52 km/hr,23.67 km/hr,00:51:10.629,00:24:18.405,01:27:10.201,01:27:39.862,,1458.405,3070.629,5230.201,5259.862,AG,1.0,6.0,21.0,,,,6,11,7369.941,23.0,False
239,01:30:51.518,T2,Run Start,RB7WLUSV,1029,Humaynon Lorie,7:41:22 am,1740872481.722,F,,PHI,ph,,F45-49,1740901281.722,06:35,06:35,9.12,04:06,04:06,14.67,04:06 min/km,04:06 min/km,00:03:41.317,00:03:41.317,01:30:51.518,01:31:21.179,,221.317,221.317,5451.518,5481.179,AG,1.0,3.0,14.0,,,,7,11,7369.941,23.0,False
240,01:33:49.796,RUN1,Run 0.4 km,RB7WLUSV,1029,Humaynon Lorie,7:44:20 am,1740872660.00,F,,PHI,ph,,F45-49,1740901460.00,10:38,10:38,5.65,06:37,06:37,9.09,06:37 min/km,06:37 min/km,00:02:58.278,00:02:58.278,01:33:49.796,01:34:19.457,,178.278,178.278,5629.796,5659.457,AG,,,,,,,8,11,7369.941,23.0,False
241,01:46:19.796,RUN2,Run 2.3 km,RB7WLUSV,1029,Humaynon Lorie,7:56:50 am,1740873410.00,F,,PHI,ph,,F45-49,1740902210.00,10:26,10:29,5.75,06:29,06:31,9.26,06:29 min/km,06:31 min/km,00:15:28.278,00:12:30.00,01:46:19.796,01:46:49.457,,750.0,928.278,6379.796,6409.457,AG,,,,,,,9,11,7369.941,23.0,False
242,01:59:36.796,RUN3,Run 4.3 km,RB7WLUSV,1029,Humaynon Lorie,8:10:07 am,1740874207.00,F,,PHI,ph,,F45-49,1740903007.00,11:06,10:46,5.41,06:54,06:41,8.70,06:54 min/km,06:41 min/km,00:28:45.278,00:13:17.00,01:59:36.796,02:00:06.457,,797.0,1725.278,7176.796,7206.457,AG,,,,,,,10,11,7369.941,23.0,False
243,02:02:49.941,FINISH,Finish,RB7WLUSV,1029,Humaynon Lorie,8:13:21 am,1740874400.145,F,,PHI,ph,,F45-49,1740903200.145,09:00,10:33,6.67,05:36,06:34,10.74,05:36 min/km,06:34 min/km,00:31:58.423,00:03:13.145,02:02:49.941,02:03:19.602,1,193.145,1918.423,7369.941,7399.602,AG,1.0,4.0,19.0,1.0,7.0,23.0,11,11,7369.941,23.0,False
244,00:00:00.00,START,Start,RWHG73YM,1008,Juem Amor Belleza,6:10:31 am,1740867030.958,F,1,PHI,ph,Black Cat Tri,F30-34,1740895830.958,,,,,,,,,,,,,,0.0,0.0,0.0,0.0,AG,,,,,,,1,11,7863.473,24.0,False
245,00:28:30.453,SWIM,Swim Finish,RWHG73YM,1008,Juem Amor Belleza,6:39:02 am,1740868741.411,F,,PHI,ph,Black Cat Tri,F30-34,1740897541.411,01:01:11,01:01:11,0.98,38:01,38:01,1.58,03:48 min/100m,03:48 min/100m,00:28:30.453,00:28:30.453,00:28:30.453,00:29:00.868,,1710.453,1710.453,1710.453,1740.868,AG,1.0,8.0,25.0,,,,2,11,7863.473,24.0,False
246,00:34:18.213,T1,Bike Start,RWHG73YM,1008,Juem Amor Belleza,6:44:50 am,1740869089.171,F,,PHI,ph,Black Cat Tri,F30-34,1740897889.171,01:01:11,01:01:11,0.98,38:01,38:01,1.58,38:01 min/km,38:01 min/km,00:05:47.76,00:05:47.76,00:34:18.213,00:34:48.628,,347.76,347.76,2058.213,2088.628,AG,1.0,8.0,26.0,,,,3,11,7863.473,24.0,False
247,00:52:23.042,BIKE1,Bike 6 km,RWHG73YM,1008,Juem Amor Belleza,7:02:54 am,1740870174.00,F,,PHI,ph,Black Cat Tri,F30-34,1740898974.00,04:41,04:41,12.81,02:55,02:55,20.62,20.62 km/hr,20.62 km/hr,00:18:04.829,00:18:04.829,00:52:23.042,00:52:53.457,,1084.829,1084.829,3143.042,3173.457,AG,,,,,,,4,11,7863.473,24.0,False
248,01:04:52.042,BIKE2,Bike 11 km,RWHG73YM,1008,Juem Amor Belleza,7:15:23 am,1740870923.00,F,,PHI,ph,Black Cat Tri,F30-34,1740899723.00,04:09,04:27,14.50,02:35,02:46,23.34,23.34 km/hr,21.73 km/hr,00:30:33.829,00:12:29.00,01:04:52.042,01:05:22.457,,749.0,1833.829,3892.042,3922.457,AG,,,,,,,5,11,7863.473,24.0,False
249,01:31:52.596,BIKE,Bike Finish,RWHG73YM,1008,Juem Amor Belleza,7:42:24 am,1740872543.554,F,,PHI,ph,Black Cat Tri,F30-34,1740901343.554,04:46,04:36,12.59,02:58,02:52,20.26,20.26 km/hr,21.04 km/hr,00:57:34.383,00:27:00.554,01:31:52.596,01:32:23.011,,1620.554,3454.383,5512.596,5543.011,AG,1.0,8.0,26.0,,,,6,11,7863.473,24.0,False
250,01:36:51.236,T2,Run Start,RWHG73YM,1008,Juem Amor Belleza,7:47:23 am,1740872842.194,F,,PHI,ph,Black Cat Tri,F30-34,1740901642.194,06:57,06:57,8.65,04:19,04:19,13.92,04:19 min/km,04:19 min/km,00:04:58.64,00:04:58.64,01:36:51.236,01:37:21.651,,298.64,298.64,5811.236,5841.651,AG,1.0,8.0,25.0,,,,7,11,7863.473,24.0,False
251,01:40:15.042,RUN1,Run 0.4 km,RWHG73YM,1008,Juem Amor Belleza,7:50:46 am,1740873046.00,F,,PHI,ph,Black Cat Tri,F30-34,1740901846.00,12:09,12:09,4.94,07:33,07:33,7.95,07:33 min/km,07:33 min/km,00:03:23.806,00:03:23.806,01:40:15.042,01:40:45.457,,203.806,203.806,6015.042,6045.457,AG,,,,,,,8,11,7863.473,24.0,False
252,01:53:28.042,RUN2,Run 2.3 km,RWHG73YM,1008,Juem Amor Belleza,8:03:59 am,1740873839.00,F,,PHI,ph,Black Cat Tri,F30-34,1740902639.00,11:02,11:15,5.44,06:52,07:00,8.75,06:52 min/km,07:00 min/km,00:16:36.806,00:13:13.00,01:53:28.042,01:53:58.457,,793.0,996.806,6808.042,6838.457,AG,,,,,,,9,11,7863.473,24.0,False
253,02:07:52.042,RUN3,Run 4.3 km,RWHG73YM,1008,Juem Amor Belleza,8:18:23 am,1740874703.00,F,,PHI,ph,Black Cat Tri,F30-34,1740903503.00,12:02,11:36,4.99,07:29,07:13,8.03,07:29 min/km,07:13 min/km,00:31:00.806,00:14:24.00,02:07:52.042,02:08:22.457,,864.0,1860.806,7672.042,7702.457,AG,,,,,,,10,11,7863.473,24.0,False
254,02:11:03.473,FINISH,Finish,RWHG73YM,1008,Juem Amor Belleza,8:21:35 am,1740874894.431,F,,PHI,ph,Black Cat Tri,F30-34,1740903694.431,08:55,11:17,6.73,05:33,07:01,10.84,05:33 min/km,07:01 min/km,00:34:12.237,00:03:11.431,02:11:03.473,02:11:33.888,1,191.431,2052.237,7863.473,7893.888,AG,1.0,5.0,20.0,1.0,8.0,24.0,11,11,7863.473,24.0,False
255,00:00:00.00,START,Start,R6ZECLKA,1002,John Ross del Mundo,6:10:20 am,1740867019.884,M,1,PHI,ph,,M35-39,1740895819.884,,,,,,,,,,,,,,0.0,0.0,0.0,0.0,AG,,,,,,,1,11,7908.25,25.0,False
256,00:31:34.796,SWIM,Swim Finish,R6ZECLKA,1002,John Ross del Mundo,6:41:55 am,1740868914.68,M,,PHI,ph,,M35-39,1740897714.68,01:07:47,01:07:47,0.89,42:07,42:07,1.42,04:13 min/100m,04:13 min/100m,00:31:34.796,00:31:34.796,00:31:34.796,00:31:54.137,,1894.796,1894.796,1894.796,1914.137,AG,4.0,19.0,27.0,,,,2,11,7908.25,25.0,False
257,00:35:00.037,T1,Bike Start,R6ZECLKA,1002,John Ross del Mundo,6:45:20 am,1740869119.921,M,,PHI,ph,,M35-39,1740897919.921,01:07:47,01:07:47,0.89,42:07,42:07,1.42,42:07 min/km,42:07 min/km,00:03:25.241,00:03:25.241,00:35:00.037,00:35:19.378,,205.241,205.241,2100.037,2119.378,AG,3.0,10.0,12.0,,,,3,11,7908.25,25.0,False
258,01:04:25.116,BIKE2,Bike 11 km,R6ZECLKA,1002,John Ross del Mundo,7:14:45 am,1740870885.00,M,,PHI,ph,,M35-39,1740899685.00,04:17,04:17,14.03,02:40,02:40,22.58,22.58 km/hr,22.58 km/hr,00:29:25.079,00:29:25.079,01:04:25.116,01:04:44.457,,1765.079,1765.079,3865.116,3884.457,AG,,,,,,,5,11,7908.25,25.0,False
259,01:29:25.064,BIKE,Bike Finish,R6ZECLKA,1002,John Ross del Mundo,7:39:45 am,1740872384.948,M,,PHI,ph,,M35-39,1740901184.948,04:25,04:21,13.60,02:45,02:42,21.89,21.89 km/hr,22.26 km/hr,00:54:25.027,00:24:59.948,01:29:25.064,01:29:44.405,,1499.948,3265.027,5365.064,5384.405,AG,4.0,17.0,23.0,,,,6,11,7908.25,25.0,False
260,01:34:14.494,T2,Run Start,R6ZECLKA,1002,John Ross del Mundo,7:44:35 am,1740872674.378,M,,PHI,ph,,M35-39,1740901474.378,06:46,06:46,8.89,04:12,04:12,14.30,04:12 min/km,04:12 min/km,00:04:49.43,00:04:49.43,01:34:14.494,01:34:33.835,,289.43,289.43,5654.494,5673.835,AG,4.0,17.0,23.0,,,,7,11,7908.25,25.0,False
261,01:37:41.116,RUN1,Run 0.4 km,R6ZECLKA,1002,John Ross del Mundo,7:48:01 am,1740872881.00,M,,PHI,ph,,M35-39,1740901681.00,12:19,12:19,4.87,07:40,07:40,7.84,07:40 min/km,07:40 min/km,00:03:26.622,00:03:26.622,01:37:41.116,01:38:00.457,,206.622,206.622,5861.116,5880.457,AG,,,,,,,8,11,7908.25,25.0,False
262,01:52:22.116,RUN2,Run 2.3 km,R6ZECLKA,1002,John Ross del Mundo,8:02:42 am,1740873762.00,M,,PHI,ph,,M35-39,1740902562.00,12:16,12:17,4.90,07:37,07:38,7.88,07:37 min/km,07:38 min/km,00:18:07.622,00:14:41.00,01:52:22.116,01:52:41.457,,881.0,1087.622,6742.116,6761.457,AG,,,,,,,9,11,7908.25,25.0,False
263,02:07:59.116,RUN3,Run 4.3 km,R6ZECLKA,1002,John Ross del Mundo,8:18:19 am,1740874699.00,M,,PHI,ph,,M35-39,1740903499.00,13:03,12:37,4.60,08:07,07:51,7.40,08:07 min/km,07:51 min/km,00:33:44.622,00:15:37.00,02:07:59.116,02:08:18.457,,937.0,2024.622,7679.116,7698.457,AG,,,,,,,10,11,7908.25,25.0,False
264,02:11:48.25,FINISH,Finish,R6ZECLKA,1002,John Ross del Mundo,8:22:09 am,1740874928.134,M,,PHI,ph,,M35-39,1740903728.134,10:40,12:24,5.63,06:38,07:42,9.05,06:38 min/km,07:42 min/km,00:37:33.756,00:03:49.134,02:11:48.25,02:12:07.591,1,229.134,2253.756,7908.25,7927.591,AG,4.0,16.0,24.0,4.0,17.0,25.0,11,11,7908.25,25.0,False
265,00:00:00.00,START,Start,RXPBMTSL,1026,Arlene Cleofe,6:10:25 am,1740867024.477,F,1,PHI,ph,Tandikan Tri Team,F45-49,1740895824.477,,,,,,,,,,,,,,0.0,0.0,0.0,0.0,AG,,,,,,,1,11,8233.192,26.0,False
266,00:28:12.336,SWIM,Swim Finish,RXPBMTSL,1026,Arlene Cleofe,6:38:37 am,1740868716.813,F,,PHI,ph,Tandikan Tri Team,F45-49,1740897516.813,01:00:32,01:00:32,0.99,37:37,37:37,1.60,03:46 min/100m,03:46 min/100m,00:28:12.336,00:28:12.336,00:28:12.336,00:28:36.27,,1692.336,1692.336,1692.336,1716.27,AG,1.0,7.0,24.0,,,,2,11,8233.192,26.0,False
267,00:34:22.662,T1,Bike Start,RXPBMTSL,1026,Arlene Cleofe,6:44:48 am,1740869087.139,F,,PHI,ph,Tandikan Tri Team,F45-49,1740897887.139,01:00:32,01:00:32,0.99,37:37,37:37,1.60,37:37 min/km,37:37 min/km,00:06:10.326,00:06:10.326,00:34:22.662,00:34:46.596,,370.326,370.326,2062.662,2086.596,AG,2.0,9.0,28.0,,,,3,11,8233.192,26.0,False
268,00:52:39.523,BIKE1,Bike 6 km,RXPBMTSL,1026,Arlene Cleofe,7:03:04 am,1740870184.00,F,,PHI,ph,Tandikan Tri Team,F45-49,1740898984.00,04:45,04:45,12.67,02:57,02:57,20.40,20.40 km/hr,20.40 km/hr,00:18:16.861,00:18:16.861,00:52:39.523,00:53:03.457,,1096.861,1096.861,3159.523,3183.457,AG,,,,,,,4,11,8233.192,26.0,False
269,01:05:18.523,BIKE2,Bike 11 km,RXPBMTSL,1026,Arlene Cleofe,7:15:43 am,1740870943.00,F,,PHI,ph,Tandikan Tri Team,F45-49,1740899743.00,04:12,04:30,14.31,02:37,02:48,23.03,23.03 km/hr,21.47 km/hr,00:30:55.861,00:12:39.00,01:05:18.523,01:05:42.457,,759.0,1855.861,3918.523,3942.457,AG,,,,,,,5,11,8233.192,26.0,False
270,01:33:02.01,BIKE,Bike Finish,RXPBMTSL,1026,Arlene Cleofe,7:43:27 am,1740872606.487,F,,PHI,ph,Tandikan Tri Team,F45-49,1740901406.487,04:54,04:41,12.27,03:03,02:55,19.74,19.74 km/hr,20.65 km/hr,00:58:39.348,00:27:43.487,01:33:02.01,01:33:25.944,,1663.487,3519.348,5582.01,5605.944,AG,2.0,9.0,27.0,,,,6,11,8233.192,26.0,False
271,01:38:44.627,T2,Run Start,RXPBMTSL,1026,Arlene Cleofe,7:49:10 am,1740872949.104,F,,PHI,ph,Tandikan Tri Team,F45-49,1740901749.104,07:02,07:02,8.54,04:22,04:22,13.75,04:22 min/km,04:22 min/km,00:05:42.617,00:05:42.617,01:38:44.627,01:39:08.561,,342.617,342.617,5924.627,5948.561,AG,2.0,9.0,28.0,,,,7,11,8233.192,26.0,False
272,01:42:27.523,RUN1,Run 0.4 km,RXPBMTSL,1026,Arlene Cleofe,7:52:52 am,1740873172.00,F,,PHI,ph,Tandikan Tri Team,F45-49,1740901972.00,13:18,13:18,4.52,08:16,08:16,7.27,08:16 min/km,08:16 min/km,00:03:42.896,00:03:42.896,01:42:27.523,01:42:51.457,,222.896,222.896,6147.523,6171.457,AG,,,,,,,8,11,8233.192,26.0,False
273,01:57:57.523,RUN2,Run 2.3 km,RXPBMTSL,1026,Arlene Cleofe,8:08:22 am,1740874102.00,F,,PHI,ph,Tandikan Tri Team,F45-49,1740902902.00,12:57,13:01,4.64,08:03,08:05,7.46,08:03 min/km,08:05 min/km,00:19:12.896,00:15:30.00,01:57:57.523,01:58:21.457,,930.0,1152.896,7077.523,7101.457,AG,,,,,,,9,11,8233.192,26.0,False
274,02:13:34.523,RUN3,Run 4.3 km,RXPBMTSL,1026,Arlene Cleofe,8:23:59 am,1740875039.00,F,,PHI,ph,Tandikan Tri Team,F45-49,1740903839.00,13:03,13:02,4.60,08:07,08:06,7.40,08:07 min/km,08:06 min/km,00:34:49.896,00:15:37.00,02:13:34.523,02:13:58.457,,937.0,2089.896,8014.523,8038.457,AG,,,,,,,10,11,8233.192,26.0,False
275,02:17:13.192,FINISH,Finish,RXPBMTSL,1026,Arlene Cleofe,8:27:38 am,1740875257.669,F,,PHI,ph,Tandikan Tri Team,F45-49,1740904057.669,10:11,12:42,5.90,06:20,07:53,9.49,06:20 min/km,07:53 min/km,00:38:28.565,00:03:38.669,02:17:13.192,02:17:37.126,1,218.669,2308.565,8233.192,8257.126,AG,2.0,9.0,26.0,2.0,9.0,26.0,11,11,8233.192,26.0,False
276,00:00:00.00,START,Start,RBT2UYVG,1020,Reynaldo Prado,6:10:20 am,1740867019.38,M,1,,,Tandikan Tri Team,M55-59,1740895819.38,,,,,,,,,,,,,,0.0,0.0,0.0,0.0,AG,,,,,,,1,11,8933.418,27.0,False
277,00:21:51.445,SWIM,Swim Finish,RBT2UYVG,1020,Reynaldo Prado,6:32:11 am,1740868330.825,M,,,,Tandikan Tri Team,M55-59,1740897130.825,46:55,46:55,1.28,29:09,29:09,2.06,02:55 min/100m,02:55 min/100m,00:21:51.445,00:21:51.445,00:21:51.445,00:22:10.282,,1311.445,1311.445,1311.445,1330.282,AG,1.0,13.0,16.0,,,,2,11,8933.418,27.0,False
278,00:28:00.607,T1,Bike Start,RBT2UYVG,1020,Reynaldo Prado,6:38:20 am,1740868699.987,M,,,,Tandikan Tri Team,M55-59,1740897499.987,46:55,46:55,1.28,29:09,29:09,2.06,29:09 min/km,29:09 min/km,00:06:09.162,00:06:09.162,00:28:00.607,00:28:19.444,,369.162,369.162,1680.607,1699.444,AG,1.0,19.0,27.0,,,,3,11,8933.418,27.0,False
279,00:45:14.62,BIKE1,Bike 6 km,RBT2UYVG,1020,Reynaldo Prado,6:55:34 am,1740869734.00,M,,,,Tandikan Tri Team,M55-59,1740898534.00,04:28,04:28,13.44,02:47,02:47,21.64,21.64 km/hr,21.64 km/hr,00:17:14.013,00:17:14.013,00:45:14.62,00:45:33.457,,1034.013,1034.013,2714.62,2733.457,AG,,,,,,,4,11,8933.418,27.0,False
280,00:57:44.62,BIKE2,Bike 11 km,RBT2UYVG,1020,Reynaldo Prado,7:08:04 am,1740870484.00,M,,,,Tandikan Tri Team,M55-59,1740899284.00,04:09,04:20,14.48,02:35,02:42,23.31,23.31 km/hr,22.34 km/hr,00:29:44.013,00:12:30.00,00:57:44.62,00:58:03.457,,750.0,1784.013,3464.62,3483.457,AG,,,,,,,5,11,8933.418,27.0,False
281,01:39:17.873,BIKE,Bike Finish,RBT2UYVG,1020,Reynaldo Prado,7:49:38 am,1740872977.253,M,,,,Tandikan Tri Team,M55-59,1740901777.253,07:20,05:41,8.18,04:34,03:32,13.17,13.17 km/hr,16.99 km/hr,01:11:17.266,00:41:33.253,01:39:17.873,01:39:36.71,,2493.253,4277.266,5957.873,5976.71,AG,1.0,20.0,29.0,,,,6,11,8933.418,27.0,False
282,01:44:35.904,T2,Run Start,RBT2UYVG,1020,Reynaldo Prado,7:54:56 am,1740873295.284,M,,,,Tandikan Tri Team,M55-59,1740902095.284,07:30,07:30,8.00,04:40,04:40,12.88,04:40 min/km,04:40 min/km,00:05:18.031,00:05:18.031,01:44:35.904,01:44:54.741,,318.031,318.031,6275.904,6294.741,AG,1.0,18.0,26.0,,,,7,11,8933.418,27.0,False
283,01:48:53.62,RUN1,Run 0.4 km,RBT2UYVG,1020,Reynaldo Prado,7:59:13 am,1740873553.00,M,,,,Tandikan Tri Team,M55-59,1740902353.00,15:22,15:22,3.91,09:33,09:33,6.29,09:33 min/km,09:33 min/km,00:04:17.716,00:04:17.716,01:48:53.62,01:49:12.457,,257.716,257.716,6533.62,6552.457,AG,,,,,,,8,11,8933.418,27.0,False
284,02:05:16.62,RUN2,Run 2.3 km,RBT2UYVG,1020,Reynaldo Prado,8:15:36 am,1740874536.00,M,,,,Tandikan Tri Team,M55-59,1740903336.00,13:41,14:00,4.39,08:30,08:42,7.06,08:30 min/km,08:42 min/km,00:20:40.716,00:16:23.00,02:05:16.62,02:05:35.457,,983.0,1240.716,7516.62,7535.457,AG,,,,,,,9,11,8933.418,27.0,False
285,02:24:49.62,RUN3,Run 4.3 km,RBT2UYVG,1020,Reynaldo Prado,8:35:09 am,1740875709.00,M,,,,Tandikan Tri Team,M55-59,1740904509.00,16:20,15:03,3.67,10:09,09:21,5.91,10:09 min/km,09:21 min/km,00:40:13.716,00:19:33.00,02:24:49.62,02:25:08.457,,1173.0,2413.716,8689.62,8708.457,AG,,,,,,,10,11,8933.418,27.0,False
286,02:28:53.418,FINISH,Finish,RBT2UYVG,1020,Reynaldo Prado,8:39:13 am,1740875952.798,M,,,,Tandikan Tri Team,M55-59,1740904752.798,11:21,14:37,5.29,07:04,09:05,8.51,07:04 min/km,09:05 min/km,00:44:17.514,00:04:03.798,02:28:53.418,02:29:12.255,1,243.798,2657.514,8933.418,8952.255,AG,1.0,19.0,28.0,1.0,18.0,27.0,11,11,8933.418,27.0,False
287,00:00:00.00,START,Start,R6JTZ4UH,1033,Randy Castro,6:10:25 am,1740867024.981,M,1,PHI,ph,Palawan Runners Club and Tandikan Tri Team,M40-44,1740895824.981,,,,,,,,,,,,,,0.0,0.0,0.0,0.0,AG,,,,,,,1,11,8944.082,28.0,False
288,00:26:29.656,SWIM,Swim Finish,R6JTZ4UH,1033,Randy Castro,6:36:55 am,1740868614.637,M,,PHI,ph,Palawan Runners Club and Tandikan Tri Team,M40-44,1740897414.637,56:52,56:52,1.06,35:20,35:20,1.70,03:32 min/100m,03:32 min/100m,00:26:29.656,00:26:29.656,00:26:29.656,00:26:54.094,,1589.656,1589.656,1589.656,1614.094,AG,3.0,17.0,23.0,,,,2,11,8944.082,28.0,False
289,00:32:51.639,T1,Bike Start,R6JTZ4UH,1033,Randy Castro,6:43:17 am,1740868996.62,M,,PHI,ph,Palawan Runners Club and Tandikan Tri Team,M40-44,1740897796.62,56:52,56:52,1.06,35:20,35:20,1.70,35:20 min/km,35:20 min/km,00:06:21.983,00:06:21.983,00:32:51.639,00:33:16.077,,381.983,381.983,1971.639,1996.077,AG,3.0,20.0,29.0,,,,3,11,8944.082,28.0,False
290,01:07:48.019,BIKE2,Bike 11 km,R6JTZ4UH,1033,Randy Castro,7:18:13 am,1740871093.00,M,,PHI,ph,Palawan Runners Club and Tandikan Tri Team,M40-44,1740899893.00,05:05,05:05,11.81,03:10,03:10,19.01,19.01 km/hr,19.01 km/hr,00:34:56.38,00:34:56.38,01:07:48.019,01:08:12.457,,2096.38,2096.38,4068.019,4092.457,AG,,,,,,,5,11,8944.082,28.0,False
291,01:41:38.158,BIKE,Bike Finish,R6JTZ4UH,1033,Randy Castro,7:52:04 am,1740873123.139,M,,PHI,ph,Palawan Runners Club and Tandikan Tri Team,M40-44,1740901923.139,05:59,05:29,10.05,03:43,03:25,16.17,16.17 km/hr,17.62 km/hr,01:08:46.519,00:33:50.139,01:41:38.158,01:42:02.596,,2030.139,4126.519,6098.158,6122.596,AG,3.0,19.0,28.0,,,,6,11,8944.082,28.0,False
292,01:47:53.08,T2,Run Start,R6JTZ4UH,1033,Randy Castro,7:58:19 am,1740873498.061,M,,PHI,ph,Palawan Runners Club and Tandikan Tri Team,M40-44,1740902298.061,07:41,07:41,7.82,04:47,04:47,12.58,04:47 min/km,04:47 min/km,00:06:14.922,00:06:14.922,01:47:53.08,01:48:17.518,,374.922,374.922,6473.08,6497.518,AG,3.0,20.0,29.0,,,,7,11,8944.082,28.0,False
293,01:52:16.019,RUN1,Run 0.4 km,R6JTZ4UH,1033,Randy Castro,8:02:41 am,1740873761.00,M,,PHI,ph,Palawan Runners Club and Tandikan Tri Team,M40-44,1740902561.00,15:41,15:41,3.83,09:45,09:45,6.16,09:45 min/km,09:45 min/km,00:04:22.939,00:04:22.939,01:52:16.019,01:52:40.457,,262.939,262.939,6736.019,6760.457,AG,,,,,,,8,11,8944.082,28.0,False
294,02:08:54.019,RUN2,Run 2.3 km,R6JTZ4UH,1033,Randy Castro,8:19:19 am,1740874759.00,M,,PHI,ph,Palawan Runners Club and Tandikan Tri Team,M40-44,1740903559.00,13:53,14:14,4.32,08:38,08:51,6.96,08:38 min/km,08:51 min/km,00:21:00.939,00:16:38.00,02:08:54.019,02:09:18.457,,998.0,1260.939,7734.019,7758.457,AG,,,,,,,9,11,8944.082,28.0,False
295,02:25:42.019,RUN3,Run 4.3 km,R6JTZ4UH,1033,Randy Castro,8:36:07 am,1740875767.00,M,,PHI,ph,Palawan Runners Club and Tandikan Tri Team,M40-44,1740904567.00,14:03,14:09,4.28,08:44,08:48,6.88,08:44 min/km,08:48 min/km,00:37:48.939,00:16:48.00,02:25:42.019,02:26:06.457,,1008.0,2268.939,8742.019,8766.457,AG,,,,,,,10,11,8944.082,28.0,False
296,02:29:04.082,FINISH,Finish,R6JTZ4UH,1033,Randy Castro,8:39:30 am,1740875969.063,M,,PHI,ph,Palawan Runners Club and Tandikan Tri Team,M40-44,1740904769.063,09:25,13:35,6.38,05:51,08:27,10.27,05:51 min/km,08:27 min/km,00:41:11.002,00:03:22.063,02:29:04.082,02:29:28.52,1,202.063,2471.002,8944.082,8968.52,AG,3.0,18.0,27.0,3.0,19.0,28.0,11,11,8944.082,28.0,False
297,00:00:00.00,START,Start,RUK8H34E,1028,Jesus JR Fresco,6:10:20 am,1740867019.817,M,1,PHI,ph,FitPH,M60-64,1740895819.817,,,,,,,,,,,,,,0.0,0.0,0.0,0.0,AG,,,,,,,1,11,9975.996,29.0,False
298,00:52:46.477,SWIM,Swim Finish,RUK8H34E,1028,Jesus JR Fresco,7:03:07 am,1740870186.294,M,,PHI,ph,FitPH,M60-64,1740898986.294,01:53:16,01:53:16,0.53,01:10:23,01:10:23,0.85,07:02 min/100m,07:02 min/100m,00:52:46.477,00:52:46.477,00:52:46.477,00:53:05.751,,3166.477,3166.477,3166.477,3185.751,AG,1.0,20.0,30.0,,,,2,11,9975.996,29.0,False
299,00:58:17.479,T1,Bike Start,RUK8H34E,1028,Jesus JR Fresco,7:08:38 am,1740870517.296,M,,PHI,ph,FitPH,M60-64,1740899317.296,01:53:16,01:53:16,0.53,01:10:23,01:10:23,0.85,01:10:23 min/km,01:10:23 min/km,00:05:31.002,00:05:31.002,00:58:17.479,00:58:36.753,,331.002,331.002,3497.479,3516.753,AG,1.0,17.0,24.0,,,,3,11,9975.996,29.0,False
300,01:14:51.183,BIKE1,Bike 6 km,RUK8H34E,1028,Jesus JR Fresco,7:25:11 am,1740871511.00,M,,PHI,ph,FitPH,M60-64,1740900311.00,04:18,04:18,13.99,02:40,02:40,22.51,22.51 km/hr,22.51 km/hr,00:16:33.704,00:16:33.704,01:14:51.183,01:15:10.457,,993.704,993.704,4491.183,4510.457,AG,,,,,,,4,11,9975.996,29.0,False
301,01:26:14.183,BIKE2,Bike 11 km,RUK8H34E,1028,Jesus JR Fresco,7:36:34 am,1740872194.00,M,,PHI,ph,FitPH,M60-64,1740900994.00,03:47,04:04,15.90,02:21,02:32,25.59,25.59 km/hr,23.77 km/hr,00:27:56.704,00:11:23.00,01:26:14.183,01:26:33.457,,683.0,1676.704,5174.183,5193.457,AG,,,,,,,5,11,9975.996,29.0,False
302,01:51:59.362,BIKE,Bike Finish,RUK8H34E,1028,Jesus JR Fresco,8:02:20 am,1740873739.179,M,,PHI,ph,FitPH,M60-64,1740902539.179,04:33,04:17,13.20,02:50,02:40,21.25,21.25 km/hr,22.56 km/hr,00:53:41.883,00:25:45.179,01:51:59.362,01:52:18.636,,1545.179,3221.883,6719.362,6738.636,AG,1.0,16.0,22.0,,,,6,11,9975.996,29.0,False
303,01:57:31.455,T2,Run Start,RUK8H34E,1028,Jesus JR Fresco,8:07:52 am,1740874071.272,M,,PHI,ph,FitPH,M60-64,1740902871.272,08:28,08:28,7.10,05:16,05:16,11.42,05:16 min/km,05:16 min/km,00:05:32.093,00:05:32.093,01:57:31.455,01:57:50.729,,332.093,332.093,7051.455,7070.729,AG,1.0,19.0,27.0,,,,7,11,9975.996,29.0,False
304,02:01:30.183,RUN1,Run 0.4 km,RUK8H34E,1028,Jesus JR Fresco,8:11:50 am,1740874310.00,M,,PHI,ph,FitPH,M60-64,1740903110.00,14:14,14:14,4.22,08:51,08:51,6.79,08:51 min/km,08:51 min/km,00:03:58.728,00:03:58.728,02:01:30.183,02:01:49.457,,238.728,238.728,7290.183,7309.457,AG,,,,,,,8,11,9975.996,29.0,False
305,02:18:50.183,RUN2,Run 2.3 km,RUK8H34E,1028,Jesus JR Fresco,8:29:10 am,1740875350.00,M,,PHI,ph,FitPH,M60-64,1740904150.00,14:29,14:26,4.15,09:00,08:58,6.67,09:00 min/km,08:58 min/km,00:21:18.728,00:17:20.00,02:18:50.183,02:19:09.457,,1040.0,1278.728,8330.183,8349.457,AG,,,,,,,9,11,9975.996,29.0,False
306,02:38:45.183,RUN3,Run 4.3 km,RUK8H34E,1028,Jesus JR Fresco,8:49:05 am,1740876545.00,M,,PHI,ph,FitPH,M60-64,1740905345.00,16:39,15:25,3.61,10:21,09:35,5.80,10:21 min/km,09:35 min/km,00:41:13.728,00:19:55.00,02:38:45.183,02:39:04.457,,1195.0,2473.728,9525.183,9544.457,AG,,,,,,,10,11,9975.996,29.0,False
307,02:46:15.996,FINISH,Finish,RUK8H34E,1028,Jesus JR Fresco,8:56:36 am,1740876995.813,M,,PHI,ph,FitPH,M60-64,1740905795.813,20:59,16:05,2.86,13:03,10:00,4.60,13:03 min/km,10:00 min/km,00:48:44.541,00:07:30.813,02:46:15.996,02:46:35.27,1,450.813,2924.541,9975.996,9995.27,AG,1.0,20.0,29.0,1.0,20.0,29.0,11,11,9975.996,29.0,False
308,00:00:00.00,START,Start,R4LA3W9M,1024,Quizeo Alice,6:10:15 am,1740867014.532,F,1,PHI,ph,,F40-44,1740895814.532,,,,,,,,,,,,,,0.0,0.0,0.0,0.0,AG,,,,,,,1,2,3156.082,30.0,True
309,00:52:36.082,SWIM,Swim Finish,R4LA3W9M,1024,Quizeo Alice,7:02:51 am,1740870170.614,F,,PHI,ph,,F40-44,1740898970.614,01:52:53,01:52:53,0.53,01:10:09,01:10:09,0.86,07:01 min/100m,07:01 min/100m,00:52:36.082,00:52:36.082,00:52:36.082,00:52:50.071,,3156.082,3156.082,3156.082,3170.071,AG,1.0,10.0,29.0,,,,2,2,3156.082,30.0,True
